No,区分,施設名,大分類,中分類,小分類,細分類,所在地,経度,緯度
1,コミュニティ関連施設,市民活動サポートセンター,市民利用施設,市民文化・社会教育系施設,コミュニティ関連施設,市民活動サポートセンター,浦和区東高砂町11番1,139.659134,35.858694
2,コミュニティ関連施設,プラザイースト,市民利用施設,市民文化・社会教育系施設,コミュニティ関連施設,プラザ,緑区大字中尾1440番8,139.685775,35.8717325
3,コミュニティ関連施設,プラザウエスト,市民利用施設,市民文化・社会教育系施設,コミュニティ関連施設,プラザ,桜区道場４丁目3番1,139.610193,35.855922
4,コミュニティ関連施設,プラザノース,市民利用施設,市民文化・社会教育系施設,コミュニティ関連施設,プラザ,北区宮原町１丁目852番1,139.6203592,35.9314988
5,コミュニティ関連施設,馬宮コミュニティセンター,市民利用施設,市民文化・社会教育系施設,コミュニティ関連施設,コミュニティセンター,西区大字西遊馬533番1,139.572728,35.905091
6,コミュニティ関連施設,西部文化センター,市民利用施設,市民文化・社会教育系施設,コミュニティ関連施設,コミュニティセンター,西区三橋６丁目642番4,139.591937,35.917659
7,コミュニティ関連施設,宮原コミュニティセンター,市民利用施設,市民文化・社会教育系施設,コミュニティ関連施設,コミュニティセンター,北区吉野町２丁目195番1,139.600761,35.958573
8,コミュニティ関連施設,高鼻コミュニティセンター,市民利用施設,市民文化・社会教育系施設,コミュニティ関連施設,コミュニティセンター,大宮区高鼻町２丁目292番1,139.631595,35.915919
9,コミュニティ関連施設,大宮工房館,市民利用施設,市民文化・社会教育系施設,コミュニティ関連施設,コミュニティセンター,大宮区堀の内町１丁目577番3,139.641459,35.912183
10,コミュニティ関連施設,東大宮コミュニティセンター,市民利用施設,市民文化・社会教育系施設,コミュニティ関連施設,コミュニティセンター,見沼区東大宮４丁目31番1,139.637355,35.949533
11,コミュニティ関連施設,七里コミュニティセンター,市民利用施設,市民文化・社会教育系施設,コミュニティ関連施設,コミュニティセンター,見沼区大字大谷1210番,139.674347,35.921041
12,コミュニティ関連施設,片柳コミュニティセンター,市民利用施設,市民文化・社会教育系施設,コミュニティ関連施設,コミュニティセンター,見沼区染谷３丁目147番1,139.684055,35.909901
13,コミュニティ関連施設,与野本町コミュニティセンター,市民利用施設,市民文化・社会教育系施設,コミュニティ関連施設,コミュニティセンター,中央区本町東３丁目5番43,139.623672,35.883642
14,コミュニティ関連施設,上峰コミュニティホール,市民利用施設,市民文化・社会教育系施設,コミュニティ関連施設,コミュニティセンター,中央区上峰２丁目3番5,139.616545,35.873996
15,コミュニティ関連施設,西与野コミュニティホール,市民利用施設,市民文化・社会教育系施設,コミュニティ関連施設,コミュニティセンター,中央区桜丘２丁目6番28,139.61492,35.882189
16,コミュニティ関連施設,下落合コミュニティセンター,市民利用施設,市民文化・社会教育系施設,コミュニティ関連施設,コミュニティセンター,中央区大字下落合1712番,139.636637,35.884742
17,コミュニティ関連施設,浦和コミュニティセンター,市民利用施設,市民文化・社会教育系施設,コミュニティ関連施設,コミュニティセンター,浦和区東高砂町11番1,139.659134,35.858694
18,コミュニティ関連施設,南浦和コミュニティセンター,市民利用施設,市民文化・社会教育系施設,コミュニティ関連施設,コミュニティセンター,南区大谷場２丁目6番25,139.67218,35.854538
19,コミュニティ関連施設,コミュニティセンターいわつき,市民利用施設,市民文化・社会教育系施設,コミュニティ関連施設,コミュニティセンター,岩槻区本町１丁目10番7,139.691683,35.947022
20,コミュニティ関連施設,岩槻駅東口コミュニティセンター,市民利用施設,市民文化・社会教育系施設,コミュニティ関連施設,コミュニティセンター,岩槻区本町３丁目1番1,139.693877,35.950458
21,コミュニティ関連施設,ふれあいプラザいわつき,市民利用施設,市民文化・社会教育系施設,コミュニティ関連施設,コミュニティセンター,岩槻区東岩槻６丁目6番,139.716358,35.96204
22,コミュニティ関連施設,日進公園コミュニティセンター,市民利用施設,市民文化・社会教育系施設,コミュニティ関連施設,コミュニティセンター,北区日進町１丁目312番2,139.605,35.921839
23,コミュニティ関連施設,サウスピア（武蔵浦和コミュニティセンター）,市民利用施設,市民文化・社会教育系施設,コミュニティ関連施設,コミュニティセンター,南区別所７丁目20番1,139.645361,35.845312
24,コミュニティ関連施設,美園コミュニティセンター,市民利用施設,市民文化・社会教育系施設,コミュニティ関連施設,コミュニティセンター,緑区美園４丁目19番１,139.72739,35.89497
25,公民館,生涯学習総合センター,市民利用施設,市民文化・社会教育系施設,コミュニティ関連施設,生涯学習推進センター,大宮区桜木町１丁目10番18,139.618766,35.90542
26,公民館,指扇公民館,市民利用施設,市民文化・社会教育系施設,コミュニティ関連施設,拠点公民館,西区西大宮２丁目13番1,139.572086,35.925141
27,公民館,大砂土公民館,市民利用施設,市民文化・社会教育系施設,コミュニティ関連施設,拠点公民館,北区本郷町284番,139.630123,35.938987
28,公民館,大砂土東公民館,市民利用施設,市民文化・社会教育系施設,コミュニティ関連施設,拠点公民館,見沼区大和田町２丁目1445番,139.648844,35.931428
29,公民館,田島公民館,市民利用施設,市民文化・社会教育系施設,コミュニティ関連施設,拠点公民館,桜区田島３丁目27番6,139.632803,35.845452
30,公民館,文蔵公民館,市民利用施設,市民文化・社会教育系施設,コミュニティ関連施設,拠点公民館,南区文蔵４丁目19番3,139.669755,35.83801
31,公民館,大古里公民館,市民利用施設,市民文化・社会教育系施設,コミュニティ関連施設,拠点公民館,緑区大字三室2614番2,139.672956,35.887293
32,公民館,岩槻本丸公民館,市民利用施設,市民文化・社会教育系施設,コミュニティ関連施設,拠点公民館,岩槻区本丸３丁目17番1,139.705262,35.954119
33,公民館,鈴谷公民館,市民利用施設,市民文化・社会教育系施設,コミュニティ関連施設,拠点公民館,中央区鈴谷７丁目5番11,139.624233,35.874149
34,公民館,岸町公民館,市民利用施設,市民文化・社会教育系施設,コミュニティ関連施設,拠点公民館,浦和区岸町５丁目1番3,139.654503,35.85216
35,公民館,桜木公民館,市民利用施設,市民文化・社会教育系施設,コミュニティ関連施設,拠点公民館,大宮区桜木町１丁目10番18,139.61825,35.905599
36,公民館,馬宮公民館,市民利用施設,市民文化・社会教育系施設,コミュニティ関連施設,地区公民館,西区大字西遊馬236番2,139.573128,35.90365
37,公民館,植水公民館,市民利用施設,市民文化・社会教育系施設,コミュニティ関連施設,地区公民館,西区大字中野林173番2,139.591685,35.893938
38,公民館,日進公民館,市民利用施設,市民文化・社会教育系施設,コミュニティ関連施設,地区公民館,北区日進町２丁目1195番2,139.604225,35.927363
39,公民館,宮原公民館,市民利用施設,市民文化・社会教育系施設,コミュニティ関連施設,地区公民館,北区宮原町４丁目66番4,139.611055,35.946948
40,公民館,植竹公民館,市民利用施設,市民文化・社会教育系施設,コミュニティ関連施設,地区公民館,北区盆栽町430番,139.628148,35.927397
41,公民館,大宮南公民館,市民利用施設,市民文化・社会教育系施設,コミュニティ関連施設,地区公民館,大宮区吉敷町４丁目223番2,139.635718,35.898343
42,公民館,大宮中部公民館,市民利用施設,市民文化・社会教育系施設,コミュニティ関連施設,地区公民館,大宮区仲町３丁目30番2,139.628935,35.90509
43,公民館,大宮北公民館,市民利用施設,市民文化・社会教育系施設,コミュニティ関連施設,地区公民館,大宮区宮町３丁目113番3,139.628571,35.911491
44,公民館,大成公民館,市民利用施設,市民文化・社会教育系施設,コミュニティ関連施設,地区公民館,大宮区大成町２丁目335番1,139.611516,35.913935
45,公民館,大宮東公民館,市民利用施設,市民文化・社会教育系施設,コミュニティ関連施設,地区公民館,大宮区堀の内町３丁目140番,139.636644,35.914117
46,公民館,片柳公民館,市民利用施設,市民文化・社会教育系施設,コミュニティ関連施設,地区公民館,見沼区大字東新井117番2,139.670831,35.909734
47,公民館,七里公民館,市民利用施設,市民文化・社会教育系施設,コミュニティ関連施設,地区公民館,見沼区大字東宮下265番1,139.677413,35.927221
48,公民館,春岡公民館,市民利用施設,市民文化・社会教育系施設,コミュニティ関連施設,地区公民館,見沼区深作１丁目5番1,139.664369,35.950796
49,公民館,大戸公民館,市民利用施設,市民文化・社会教育系施設,コミュニティ関連施設,地区公民館,中央区大戸３丁目14番21,139.637285,35.865753
50,公民館,与野本町公民館,市民利用施設,市民文化・社会教育系施設,コミュニティ関連施設,地区公民館,中央区本町西１丁目14番12,139.619394,35.882089
51,公民館,上落合公民館,市民利用施設,市民文化・社会教育系施設,コミュニティ関連施設,地区公民館,中央区上落合６丁目9番3,139.623469,35.893516
52,公民館,下落合公民館,市民利用施設,市民文化・社会教育系施設,コミュニティ関連施設,地区公民館,中央区下落合５丁目4番17,139.628624,35.884512
53,公民館,土合公民館,市民利用施設,市民文化・社会教育系施設,コミュニティ関連施設,地区公民館,桜区西堀４丁目2番35,139.627784,35.85179
54,公民館,大久保公民館,市民利用施設,市民文化・社会教育系施設,コミュニティ関連施設,地区公民館,桜区大字五関839番2,139.597827,35.870238
55,公民館,栄和公民館,市民利用施設,市民文化・社会教育系施設,コミュニティ関連施設,地区公民館,桜区道場２丁目11番27,139.61329,35.858739
56,公民館,大久保東公民館,市民利用施設,市民文化・社会教育系施設,コミュニティ関連施設,地区公民館,桜区大字大久保領家131番6,139.608243,35.86956
57,公民館,浦和南公民館,市民利用施設,市民文化・社会教育系施設,コミュニティ関連施設,地区公民館,浦和区神明１丁目28番13,139.661008,35.850114
58,公民館,上木崎公民館,市民利用施設,市民文化・社会教育系施設,コミュニティ関連施設,地区公民館,浦和区上木崎３丁目2番14,139.645673,35.887256
59,公民館,大東公民館,市民利用施設,市民文化・社会教育系施設,コミュニティ関連施設,地区公民館,浦和区大東２丁目13番16,139.662618,35.883385
60,公民館,仲本公民館,市民利用施設,市民文化・社会教育系施設,コミュニティ関連施設,地区公民館,浦和区本太２丁目12番40,139.662044,35.860599
61,公民館,針ヶ谷公民館,市民利用施設,市民文化・社会教育系施設,コミュニティ関連施設,地区公民館,浦和区針ヶ谷３丁目4番14,139.641981,35.88274
62,公民館,本太公民館,市民利用施設,市民文化・社会教育系施設,コミュニティ関連施設,地区公民館,浦和区本太４丁目3番23,139.657972,35.866734
63,公民館,常盤公民館,市民利用施設,市民文化・社会教育系施設,コミュニティ関連施設,地区公民館,浦和区常盤９丁目30番1,139.643144,35.871179
64,公民館,北浦和公民館,市民利用施設,市民文化・社会教育系施設,コミュニティ関連施設,地区公民館,浦和区北浦和２丁目19番25,139.647737,35.877613
65,公民館,南箇公民館,市民利用施設,市民文化・社会教育系施設,コミュニティ関連施設,地区公民館,浦和区領家３丁目15番10,139.657988,35.876941
66,公民館,南浦和公民館,市民利用施設,市民文化・社会教育系施設,コミュニティ関連施設,地区公民館,南区大谷場２丁目6番25,139.67218,35.854538
67,公民館,谷田公民館,市民利用施設,市民文化・社会教育系施設,コミュニティ関連施設,地区公民館,南区大字大谷口1089番1,139.677004,35.861515
68,公民館,西浦和公民館,市民利用施設,市民文化・社会教育系施設,コミュニティ関連施設,地区公民館,南区曲本２丁目7番11,139.638855,35.837781
69,公民館,別所公民館,市民利用施設,市民文化・社会教育系施設,コミュニティ関連施設,地区公民館,南区別所５丁目21番13,139.643602,35.849494
70,公民館,東浦和公民館,市民利用施設,市民文化・社会教育系施設,コミュニティ関連施設,地区公民館,南区大字大谷口5339番,139.695075,35.861251
71,公民館,三室公民館,市民利用施設,市民文化・社会教育系施設,コミュニティ関連施設,地区公民館,緑区大字三室1946番5,139.681575,35.883143
72,公民館,尾間木公民館,市民利用施設,市民文化・社会教育系施設,コミュニティ関連施設,地区公民館,緑区大字大間木472番,139.693833,35.87428
73,公民館,原山公民館,市民利用施設,市民文化・社会教育系施設,コミュニティ関連施設,地区公民館,緑区原山２丁目33番1,139.668551,35.871447
74,公民館,美園公民館,市民利用施設,市民文化・社会教育系施設,コミュニティ関連施設,地区公民館,緑区大字大門1973番1,139.717841,35.889543
75,公民館,岩槻南部公民館,市民利用施設,市民文化・社会教育系施設,コミュニティ関連施設,地区公民館,岩槻区大字笹久保1348番1,139.715712,35.916421
76,公民館,岩槻北部公民館,市民利用施設,市民文化・社会教育系施設,コミュニティ関連施設,地区公民館,岩槻区大字慈恩寺904番1,139.714257,35.980109
77,公民館,岩槻城址公民館,市民利用施設,市民文化・社会教育系施設,コミュニティ関連施設,地区公民館,岩槻区太田３丁目4番1,139.710797,35.951736
78,公民館,仲町公民館,市民利用施設,市民文化・社会教育系施設,コミュニティ関連施設,地区公民館,浦和区常盤４丁目1番12,139.649856,35.861359
79,公民館,善前公民館,市民利用施設,市民文化・社会教育系施設,コミュニティ関連施設,地区公民館,南区大字太田窪2504番5,139.687012,35.853822
80,公民館,領家公民館,市民利用施設,市民文化・社会教育系施設,コミュニティ関連施設,地区公民館,浦和区領家４丁目21番21,139.65373,35.882123
81,公民館,三橋公民館,市民利用施設,市民文化・社会教育系施設,コミュニティ関連施設,地区公民館,大宮区三橋２丁目20番,139.605062,35.903948
82,公民館,六辻公民館,市民利用施設,市民文化・社会教育系施設,コミュニティ関連施設,地区公民館,南区根岸３丁目10番7,139.662348,35.839765
83,公民館,岩槻本町公民館,市民利用施設,市民文化・社会教育系施設,コミュニティ関連施設,地区公民館,岩槻区本町４丁目2番25,139.697613,35.949161
84,公民館,内野公民館,市民利用施設,市民文化・社会教育系施設,コミュニティ関連施設,地区公民館,西区三橋６丁目1457番1,139.591729,35.920767
85,市民文化施設,文化センター,市民利用施設,市民文化・社会教育系施設,市民文化施設,市民文化施設,南区根岸１丁目7番1,139.6635671,35.843456
86,市民文化施設,市民会館うらわ,市民利用施設,市民文化・社会教育系施設,市民文化施設,市民文化施設,浦和区仲町２丁目10番22,139.6515054,35.8603528
87,市民文化施設,市民会館おおみや,市民利用施設,市民文化・社会教育系施設,市民文化施設,市民文化施設,大宮区下町３丁目47番8,139.630886,35.902818
88,市民文化施設,市民会館いわつき,市民利用施設,市民文化・社会教育系施設,市民文化施設,市民文化施設,岩槻区太田３丁目1番1,139.7089724,35.9507293
89,市民文化施設,大宮ソニック市民ホール,市民利用施設,市民文化・社会教育系施設,市民文化施設,市民文化施設,大宮区桜木町１丁目7番5,139.61944,35.905825
90,市民文化施設,盆栽四季の家,市民利用施設,市民文化・社会教育系施設,市民文化施設,市民文化施設,北区盆栽町267番1,139.6332595,35.9267663
91,市民文化施設,氷川の杜文化館,市民利用施設,市民文化・社会教育系施設,市民文化施設,伝統文化施設,大宮区高鼻町２丁目262番2,139.6316398,35.9136824
92,市民文化施設,恭慶館,市民利用施設,市民文化・社会教育系施設,市民文化施設,伝統文化施設,浦和区常盤９丁目30番5,139.644553,35.869428
93,図書館等,中央図書館,市民利用施設,市民文化・社会教育系施設,図書館等,中央図書館,浦和区東高砂町11番1,139.659134,35.858694
94,図書館等,北浦和図書館,市民利用施設,市民文化・社会教育系施設,図書館等,拠点図書館,浦和区北浦和１丁目4番2,139.646351,35.87483
95,図書館等,東浦和図書館,市民利用施設,市民文化・社会教育系施設,図書館等,拠点図書館,緑区大字中尾1440番8,139.685728,35.871739
96,図書館等,旧大宮図書館,市民利用施設,市民文化・社会教育系施設,図書館等,拠点図書館,大宮区高鼻町２丁目1番1,139.631183,35.911315
97,図書館等,大宮図書館,市民利用施設,市民文化・社会教育系施設,図書館等,拠点図書館,大宮区吉敷町１丁目124番地１,139.630632,35.901782
98,図書館等,大宮西部図書館,市民利用施設,市民文化・社会教育系施設,図書館等,拠点図書館,北区櫛引町２丁目499番1,139.609488,35.919435
99,図書館等,春野図書館,市民利用施設,市民文化・社会教育系施設,図書館等,拠点図書館,見沼区春野２丁目12番1,139.660822,35.959106
100,図書館等,与野図書館,市民利用施設,市民文化・社会教育系施設,図書館等,拠点図書館,中央区下落合５丁目11番11,139.627124,35.885236
101,図書館等,岩槻図書館,市民利用施設,市民文化・社会教育系施設,図書館等,拠点図書館,岩槻区本町４丁目2番25,139.697613,35.949161
102,図書館等,桜図書館,市民利用施設,市民文化・社会教育系施設,図書館等,拠点図書館,桜区道場４丁目3番1,139.610229,35.856053
103,図書館等,北図書館,市民利用施設,市民文化・社会教育系施設,図書館等,拠点図書館,北区宮原町１丁目852番1,139.620229,35.93151
104,図書館等,武蔵浦和図書館,市民利用施設,市民文化・社会教育系施設,図書館等,拠点図書館,南区別所７丁目20番1,139.645361,35.845312
105,図書館等,美園図書館,市民利用施設,市民文化・社会教育系施設,図書館等,地区図書館,緑区大字美園４丁目19番地1,139.72739,35.89497
106,図書館等,桜木図書館,市民利用施設,市民文化・社会教育系施設,図書館等,地区図書館,大宮区桜木町１丁目10番18,139.618766,35.90542
107,図書館等,馬宮図書館,市民利用施設,市民文化・社会教育系施設,図書館等,地区図書館,西区大字西遊馬533番1,139.572728,35.905091
108,図書館等,大宮東図書館,市民利用施設,市民文化・社会教育系施設,図書館等,地区図書館,見沼区堀崎町48番1,139.657434,35.934434
109,図書館等,七里図書館,市民利用施設,市民文化・社会教育系施設,図書館等,地区図書館,見沼区大字大谷1210番,139.674347,35.921041
110,図書館等,片柳図書館,市民利用施設,市民文化・社会教育系施設,図書館等,地区図書館,見沼区染谷３丁目147番1,139.684055,35.909901
111,図書館等,与野南図書館,市民利用施設,市民文化・社会教育系施設,図書館等,地区図書館,中央区大戸６丁目28番16,139.633983,35.866855
112,図書館等,岩槻駅東口図書館,市民利用施設,市民文化・社会教育系施設,図書館等,地区図書館,岩槻区本町３丁目1番1,139.693877,35.950458
113,図書館等,岩槻東部図書館,市民利用施設,市民文化・社会教育系施設,図書館等,地区図書館,岩槻区東岩槻６丁目6番,139.716358,35.96204
114,図書館等,宮原図書館,市民利用施設,市民文化・社会教育系施設,図書館等,地区図書館,北区吉野町２丁目195番1,139.600761,35.958573
115,図書館等,南浦和図書館,市民利用施設,市民文化・社会教育系施設,図書館等,地区図書館,南区根岸１丁目7番1,139.663561,35.843489
116,図書館等,大宮西部図書館三橋分館,市民利用施設,市民文化・社会教育系施設,図書館等,分館,西区三橋６丁目642番4,139.591937,35.917659
117,図書館等,与野図書館西分館,市民利用施設,市民文化・社会教育系施設,図書館等,分館,中央区桜丘２丁目6番28,139.61492,35.882189
118,図書館等,桜図書館大久保東分館,市民利用施設,市民文化・社会教育系施設,図書館等,分館,桜区大字大久保領家131番6,139.608243,35.86956
119,博物館等,さいたま市立博物館,市民利用施設,市民文化・社会教育系施設,博物館等,博物館・資料館,大宮区高鼻町２丁目1番2,139.631615,35.911333
120,博物館等,岩槻人形博物館敷地,市民利用施設,市民文化・社会教育系施設,博物館等,博物館・資料館,岩槻区本町６丁目１番１号,139.700082,35.950849
121,博物館等,岩槻郷土資料館,市民利用施設,市民文化・社会教育系施設,博物館等,博物館・資料館,岩槻区本町２丁目2番34,139.693427,35.945508
122,博物館等,岩槻藩遷喬館,市民利用施設,市民文化・社会教育系施設,博物館等,博物館・資料館,岩槻区本町４丁目8番9,139.698099,35.948875
123,博物館等,浦和博物館,市民利用施設,市民文化・社会教育系施設,博物館等,博物館・資料館,緑区大字三室2458番,139.677607,35.890516
124,博物館等,浦和くらしの博物館民家園,市民利用施設,市民文化・社会教育系施設,博物館等,博物館・資料館,緑区大字下山口新田1179番1,139.710611,35.878366
125,博物館等,鴻沼資料館,市民利用施設,市民文化・社会教育系施設,博物館等,博物館・資料館,桜区西堀４丁目1番4,139.628264,35.851168
126,博物館等,旧高野家離座敷,市民利用施設,市民文化・社会教育系施設,博物館等,博物館・資料館,緑区大字大間木3丁目30番地11,139.690465,35.878518
127,博物館等,旧坂東家住宅見沼くらしっく館,市民利用施設,市民文化・社会教育系施設,博物館等,博物館・資料館,見沼区大字片柳1266番2,139.690795,35.906217
128,博物館等,与野郷土資料館,市民利用施設,市民文化・社会教育系施設,博物館等,博物館・資料館,中央区本町東３丁目5番23,139.6233217,35.88403651
129,博物館等,土器の館,市民利用施設,市民文化・社会教育系施設,博物館等,文化財資料室,大宮区高鼻町２丁目305番4,139.632368,35.915652
130,博物館等,与野文化財資料室,市民利用施設,市民文化・社会教育系施設,博物館等,文化財資料室,中央区下落合６丁目10番3,139.626619,35.882762
131,博物館等,うらわ美術館,市民利用施設,市民文化・社会教育系施設,博物館等,美術館等,浦和区仲町２丁目5番1,139.652495,35.860757
132,博物館等,大宮盆栽美術館,市民利用施設,市民文化・社会教育系施設,博物館等,美術館等,北区土呂町２丁目24番3,139.633129,35.928828
133,博物館等,漫画会館,市民利用施設,市民文化・社会教育系施設,博物館等,美術館等,北区盆栽町150番,139.6318302,35.9256293
134,博物館等,青少年宇宙科学館,市民利用施設,市民文化・社会教育系施設,博物館等,科学館等,浦和区駒場２丁目3番45,139.66456,35.872375
135,博物館等,宇宙劇場,市民利用施設,市民文化・社会教育系施設,博物館等,科学館等,大宮区錦町682番2,139.621641,35.908119
136,博物館等,防災センター防災展示ホール,市民利用施設,市民文化・社会教育系施設,博物館等,防災センター防災展示ホール,大宮区天沼町１丁目893番,139.6475,35.907378
137,博物館等,時の鐘,市民利用施設,市民文化・社会教育系施設,博物館等,指定文化財,岩槻区本町６丁目2番27,139.701766,35.951817
138,博物館等,岩槻城城門（黒門）,市民利用施設,市民文化・社会教育系施設,博物館等,指定文化財,岩槻区太田３丁目4番1 岩槻城址公園内,139.710472,35.951146
139,博物館等,岩槻城裏門,市民利用施設,市民文化・社会教育系施設,博物館等,指定文化財,岩槻区太田３丁目4番1 岩槻城址公園内,139.71089,35.950725
140,博物館等,藤橋の六部堂,市民利用施設,市民文化・社会教育系施設,博物館等,指定文化財,西区大字植田谷本66番2,139.602343,35.888608
141,博物館等,見沼通船掘休憩所,市民利用施設,市民文化・社会教育系施設,博物館等,指定文化財,緑区大字下山口新田51番,139.717743,35.863412
142,社会教育系その他施設,男女共同参画推進センター,市民利用施設,市民文化・社会教育系施設,社会教育系その他施設,男女共同参画施設,大宮区桜木町１丁目10番18,139.618766,35.90542
143,社会教育系その他施設,五反田会館,市民利用施設,市民文化・社会教育系施設,社会教育系その他施設,人権教育集会所,見沼区大字南中丸1370番5,139.655274,35.920969
144,社会教育系その他施設,鹿室南集会所,市民利用施設,市民文化・社会教育系施設,社会教育系その他施設,人権教育集会所,岩槻区大字鹿室1120番2,139.702145,35.989934
145,社会教育系その他施設,若者自立支援ルーム（桜木）,市民利用施設,市民文化・社会教育系施設,社会教育系その他施設,青少年活動施設,大宮区桜木町２丁目227番,139.619509,35.907048
146,社会教育系その他施設,若者自立支援ルーム（南浦和）,市民利用施設,市民文化・社会教育系施設,社会教育系その他施設,青少年活動施設,南区南浦和２丁目２７番１６号,139.670325,35.848939
147,社会教育系その他施設,グリーンライフ猿花キャンプ場,市民利用施設,市民文化・社会教育系施設,社会教育系その他施設,青少年活動施設,見沼区大字南中野975番2,139.664637,35.91653
148,体育館等,記念総合体育館,市民利用施設,スポーツ・レクリエーション施設,体育館等,体育館,桜区道場４丁目3番1,139.6089199,35.8557382
149,体育館等,浦和駒場体育館,市民利用施設,スポーツ・レクリエーション施設,体育館等,体育館,浦和区駒場２丁目5番6,139.6622157,35.8723751
150,体育館等,大宮体育館,市民利用施設,スポーツ・レクリエーション施設,体育館等,体育館,見沼区大和田町１丁目305番,139.6447369,35.9229167
151,体育館等,与野体育館,市民利用施設,スポーツ・レクリエーション施設,体育館等,体育館,中央区下落合５丁目8番10,139.6258538,35.8843701
152,体育館等,浦和西体育館,市民利用施設,スポーツ・レクリエーション施設,体育館等,体育館,桜区大字下大久保1676番1,139.6015371,35.8587788
153,体育館等,大宮武道館,市民利用施設,スポーツ・レクリエーション施設,体育館等,武道館,見沼区堀崎町12番36,139.655506,35.935074
154,体育館等,八王子スポーツ施設,市民利用施設,スポーツ・レクリエーション施設,体育館等,スポーツ施設,中央区八王子４丁目1番10,139.60937,35.879348
155,体育館等,大原サッカー場,市民利用施設,スポーツ・レクリエーション施設,体育館等,スポーツ施設,浦和区大原３丁目4番102,139.646775,35.89508
156,体育館等,西大宮サッカー場,市民利用施設,スポーツ・レクリエーション施設,体育館等,スポーツ施設,西区西大宮4丁目25番3ほか,139.576563,35.930926
157,体育館等,宝来グラウンド・ゴルフ場,市民利用施設,スポーツ・レクリエーション施設,体育館等,スポーツ施設,西区大字宝来125番1,139.554271,35.931009
158,レクリエーション施設・保養施設,見沼ヘルシーランド,市民利用施設,スポーツ・レクリエーション系施設,レクリエーション施設・保養施設,レクリエーション施設,緑区大字大崎322番1,139.712628,35.882735
159,レクリエーション施設・保養施設,上野テニスコート,市民利用施設,スポーツ・レクリエーション系施設,レクリエーション施設・保養施設,レクリエーション施設,岩槻区大字上野38番2,139.702181,35.966595
160,レクリエーション施設・保養施設,長宮運動広場,市民利用施設,スポーツ・レクリエーション系施設,レクリエーション施設・保養施設,レクリエーション施設,岩槻区大字長宮23番,139.723327,35.950958
161,レクリエーション施設・保養施設,ホテル南郷,市民利用施設,スポーツ・レクリエーション系施設,レクリエーション施設・保養施設,保養施設,福島県南会津郡南会津町界字猛の入454番-,139.541422,37.267356
162,レクリエーション施設・保養施設,六日町山の家,市民利用施設,スポーツ・レクリエーション系施設,レクリエーション施設・保養施設,保養施設,新潟県南魚沼市大字坂戸831番2,138.888917,37.066843
163,レクリエーション施設・保養施設,新治ファミリーランド,市民利用施設,スポーツ・レクリエーション系施設,レクリエーション施設・保養施設,保養施設,群馬県利根郡みなかみ町相俣159番1,138.896853,36.720104
164,産業振興施設,産業文化センター,市民利用施設,産業系施設,産業振興施設,産業振興施設,中央区下落合５丁目4番3,139.628735,35.883937
165,産業振興施設,産業振興会館,市民利用施設,産業系施設,産業振興施設,産業振興施設,北区日進町２丁目1915番4,139.609055,35.933092
166,産業振興施設,にぎわい交流館いわつき,市民利用施設,産業系施設,産業振興施設,産業振興施設,岩槻区本町６丁目1番2号,139.69909858,35.95104947
167,産業系その他施設,農業者トレーニングセンター,市民利用施設,産業系施設,産業振興施設,産業系その他施設,緑区大字大崎3156番1,139.713019,35.884024
168,産業系その他施設,緑の相談所,市民利用施設,産業系施設,産業振興施設,産業系その他施設,緑区大字大崎87番,139.71439,35.881748
169,産業系その他施設,大宮花の丘農林公苑,市民利用施設,産業系施設,産業振興施設,産業系その他施設,西区大字西新井124番,139.591445,35.939682
170,産業系その他施設,市民の森,市民利用施設,産業系施設,産業振興施設,産業系その他施設,北区見沼２丁目94番,139.640519,35.9331
171,産業系その他施設,春おか広場,市民利用施設,産業系施設,産業振興施設,産業系その他施設,見沼区大字宮ヶ谷塔765番,139.670669,35.943375
172,学校等,高砂小学校,市民利用施設,学校教育系施設,学校等,小学校,浦和区岸町４丁目1番29,139.6567957,35.8565402
173,学校等,常盤小学校,市民利用施設,学校教育系施設,学校等,小学校,浦和区常盤９丁目30番9,139.6431591,35.8687852
174,学校等,木崎小学校,市民利用施設,学校教育系施設,学校等,小学校,浦和区領家４丁目19番4,139.6528972,35.8828389
175,学校等,谷田小学校,市民利用施設,学校教育系施設,学校等,小学校,南区太田窪５丁目10番6,139.6779167,35.8563425
176,学校等,仲本小学校,市民利用施設,学校教育系施設,学校等,小学校,浦和区本太２丁目12番31,139.6610407,35.861645
177,学校等,本太小学校,市民利用施設,学校教育系施設,学校等,小学校,浦和区本太２丁目26番25,139.6575864,35.8652862
178,学校等,三室小学校,市民利用施設,学校教育系施設,学校等,小学校,緑区大字三室1994番,139.6821945,35.8839859
179,学校等,尾間木小学校,市民利用施設,学校教育系施設,学校等,小学校,緑区東浦和８丁目11番5,139.6971483,35.8692123
180,学校等,南浦和小学校,市民利用施設,学校教育系施設,学校等,小学校,南区白幡１丁目1番20,139.6579715,35.8452633
181,学校等,浦和別所小学校,市民利用施設,学校教育系施設,学校等,小学校,南区別所２丁目5番34,139.6481557,35.849628
182,学校等,北浦和小学校,市民利用施設,学校教育系施設,学校等,小学校,浦和区北浦和２丁目18番3,139.6483223,35.8773737
183,学校等,仲町小学校,市民利用施設,学校教育系施設,学校等,小学校,浦和区常盤８丁目18番4,139.6405637,35.8641462
184,学校等,上木崎小学校,市民利用施設,学校教育系施設,学校等,小学校,浦和区上木崎３丁目4番3,139.6429528,35.8877089
185,学校等,岸町小学校,市民利用施設,学校教育系施設,学校等,小学校,浦和区岸町５丁目20番4,139.6502606,35.8510276
186,学校等,大谷場小学校,市民利用施設,学校教育系施設,学校等,小学校,南区南浦和１丁目18番3,139.6679633,35.8527792
187,学校等,土合小学校,市民利用施設,学校教育系施設,学校等,小学校,桜区西堀７丁目21番1,139.6270631,35.8578801
188,学校等,大久保小学校,市民利用施設,学校教育系施設,学校等,小学校,桜区大字五関21番,139.5986255,35.8724273
189,学校等,原山小学校,市民利用施設,学校教育系施設,学校等,小学校,緑区原山１丁目30番12,139.6707648,35.8663979
190,学校等,針ｹ谷小学校,市民利用施設,学校教育系施設,学校等,小学校,浦和区領家７丁目2番1,139.6490582,35.8818921
191,学校等,大谷場東小学校,市民利用施設,学校教育系施設,学校等,小学校,南区大谷場２丁目13番54,139.6749531,35.8534017
192,学校等,大門小学校,市民利用施設,学校教育系施設,学校等,小学校,緑区大字大門1189番,139.7335412,35.8807931
193,学校等,野田小学校,市民利用施設,学校教育系施設,学校等,小学校,緑区大字上野田16番,139.7039548,35.9002314
194,学校等,西浦和小学校,市民利用施設,学校教育系施設,学校等,小学校,南区曲本１丁目3番5,139.6301684,35.8384836
195,学校等,辻小学校,市民利用施設,学校教育系施設,学校等,小学校,南区辻６丁目3番28,139.6583359,35.8332822
196,学校等,大東小学校,市民利用施設,学校教育系施設,学校等,小学校,浦和区大東３丁目14番1,139.6645276,35.8835214
197,学校等,文蔵小学校,市民利用施設,学校教育系施設,学校等,小学校,南区文蔵５丁目16番29,139.6739404,35.8351911
198,学校等,沼影小学校,市民利用施設,学校教育系施設,学校等,小学校,南区沼影２丁目8番36,139.6462743,35.8391289
199,学校等,大谷口小学校,市民利用施設,学校教育系施設,学校等,小学校,南区大字広ヶ谷戸24番,139.6833135,35.8625114
200,学校等,栄和小学校,市民利用施設,学校教育系施設,学校等,小学校,桜区栄和１丁目7番1,139.6175204,35.8617584
201,学校等,道祖土小学校,市民利用施設,学校教育系施設,学校等,小学校,緑区道祖土１丁目1番1,139.6688806,35.874738
202,学校等,田島小学校,市民利用施設,学校教育系施設,学校等,小学校,桜区田島１０丁目12番1,139.6233599,35.8377634
203,学校等,大久保東小学校,市民利用施設,学校教育系施設,学校等,小学校,桜区大字大久保領家331番,139.6034359,35.8712917
204,学校等,浦和大里小学校,市民利用施設,学校教育系施設,学校等,小学校,南区別所７丁目14番28,139.6436311,35.844779
205,学校等,新開小学校,市民利用施設,学校教育系施設,学校等,小学校,桜区新開２丁目18番1,139.6182366,35.8509825
206,学校等,神田小学校,市民利用施設,学校教育系施設,学校等,小学校,桜区大字神田541番1,139.607354,35.8751523
207,学校等,中尾小学校,市民利用施設,学校教育系施設,学校等,小学校,緑区大字中尾2596番1,139.6826742,35.8680829
208,学校等,善前小学校,市民利用施設,学校教育系施設,学校等,小学校,南区大字太田窪2500番1,139.6860068,35.8531781
209,学校等,大牧小学校,市民利用施設,学校教育系施設,学校等,小学校,緑区東浦和６丁目12番3,139.7068465,35.8724897
210,学校等,中島小学校,市民利用施設,学校教育系施設,学校等,小学校,桜区中島１丁目28番1,139.6239382,35.8654134
211,学校等,芝原小学校,市民利用施設,学校教育系施設,学校等,小学校,緑区芝原２丁目5番,139.6915416,35.8818243
212,学校等,常盤北小学校,市民利用施設,学校教育系施設,学校等,小学校,浦和区針ヶ谷４丁目2番12,139.6390732,35.878862
213,学校等,向小学校,市民利用施設,学校教育系施設,学校等,小学校,南区大字大谷口5437番,139.6958644,35.8573114
214,学校等,大宮小学校,市民利用施設,学校教育系施設,学校等,小学校,大宮区大門町３丁目3番,139.6300819,35.9066427
215,学校等,大宮東小学校,市民利用施設,学校教育系施設,学校等,小学校,大宮区堀の内町３丁目145番,139.6356471,35.9139472
216,学校等,大宮南小学校,市民利用施設,学校教育系施設,学校等,小学校,大宮区吉敷町３丁目87番,139.6338016,35.9008902
217,学校等,大宮北小学校,市民利用施設,学校教育系施設,学校等,小学校,大宮区宮町３丁目84番,139.6271357,35.9116699
218,学校等,桜木小学校,市民利用施設,学校教育系施設,学校等,小学校,大宮区桜木町４丁目328番9,139.6170936,35.903571
219,学校等,三橋小学校,市民利用施設,学校教育系施設,学校等,小学校,大宮区三橋２丁目20番,139.6043486,35.9039914
220,学校等,大成小学校,市民利用施設,学校教育系施設,学校等,小学校,大宮区大成町２丁目282番,139.6138608,35.914945
221,学校等,東大成小学校,市民利用施設,学校教育系施設,学校等,小学校,北区東大成町２丁目11番,139.6188557,35.9249602
222,学校等,日進小学校,市民利用施設,学校教育系施設,学校等,小学校,北区日進町２丁目911番,139.6076042,35.9252012
223,学校等,日進北小学校,市民利用施設,学校教育系施設,学校等,小学校,北区日進町３丁目178番,139.6039426,35.9368612
224,学校等,宮原小学校,市民利用施設,学校教育系施設,学校等,小学校,北区宮原町４丁目102番6,139.6061601,35.9490985
225,学校等,植竹小学校,市民利用施設,学校教育系施設,学校等,小学校,北区植竹町２丁目1番,139.6257619,35.9300053
226,学校等,大砂土小学校,市民利用施設,学校教育系施設,学校等,小学校,北区本郷町1番,139.6269762,35.9380076
227,学校等,大砂土東小学校,市民利用施設,学校教育系施設,学校等,小学校,見沼区大和田町２丁目998番,139.6469866,35.937816
228,学校等,見沼小学校,市民利用施設,学校教育系施設,学校等,小学校,見沼区東大宮２丁目45番,139.6326119,35.9488195
229,学校等,指扇小学校,市民利用施設,学校教育系施設,学校等,小学校,西区西大宮１丁目49番地6,139.5729679,35.9227933
230,学校等,馬宮東小学校,市民利用施設,学校教育系施設,学校等,小学校,西区大字西遊馬189番1,139.5713645,35.9039345
231,学校等,馬宮西小学校,市民利用施設,学校教育系施設,学校等,小学校,西区大字飯田新田189番2,139.5595517,35.8862476
232,学校等,植水小学校,市民利用施設,学校教育系施設,学校等,小学校,西区大字中野林225番1,139.5947737,35.8944299
233,学校等,片柳小学校,市民利用施設,学校教育系施設,学校等,小学校,見沼区大字東新井244番1,139.6702252,35.910758
234,学校等,七里小学校,市民利用施設,学校教育系施設,学校等,小学校,見沼区大字東宮下312番,139.6758898,35.9293773
235,学校等,春岡小学校,市民利用施設,学校教育系施設,学校等,小学校,春岡２丁目２９番地１,139.6622387,35.9495949
236,学校等,大宮西小学校,市民利用施設,学校教育系施設,学校等,小学校,西区三橋５丁目1359番,139.5905271,35.9041791
237,学校等,栄小学校,市民利用施設,学校教育系施設,学校等,小学校,西区大字飯田811番,139.5829522,35.9069567
238,学校等,大宮別所小学校,市民利用施設,学校教育系施設,学校等,小学校,北区別所町42番1,139.5973356,35.955147
239,学校等,芝川小学校,市民利用施設,学校教育系施設,学校等,小学校,大宮区天沼町２丁目1077番,139.6444566,35.9052438
240,学校等,蓮沼小学校,市民利用施設,学校教育系施設,学校等,小学校,見沼区大字蓮沼1070番,139.6606086,35.934316
241,学校等,上小小学校,市民利用施設,学校教育系施設,学校等,小学校,大宮区上小町1337番1,139.6166832,35.8966922
242,学校等,宮前小学校,市民利用施設,学校教育系施設,学校等,小学校,西区宮前町341番,139.5943454,35.9231627
243,学校等,大谷小学校,市民利用施設,学校教育系施設,学校等,小学校,見沼区大字大谷18番,139.6658947,35.9212036
244,学校等,島小学校,市民利用施設,学校教育系施設,学校等,小学校,見沼区島町533番2,139.6517828,35.9468495
245,学校等,指扇北小学校,市民利用施設,学校教育系施設,学校等,小学校,西区大字中釘1506番1,139.5719665,35.9335728
246,学校等,東宮下小学校,市民利用施設,学校教育系施設,学校等,小学校,見沼区大字東宮下215番1,139.6776449,35.9259145
247,学校等,泰平小学校,市民利用施設,学校教育系施設,学校等,小学校,北区今羽町628番,139.6258542,35.9501991
248,学校等,海老沼小学校,市民利用施設,学校教育系施設,学校等,小学校,見沼区大字東新井710番5,139.6600122,35.9082327
249,学校等,春野小学校,市民利用施設,学校教育系施設,学校等,小学校,見沼区春野１丁目10番1,139.6674662,35.9567572
250,学校等,与野本町小学校,市民利用施設,学校教育系施設,学校等,小学校,中央区本町東３丁目5番23,139.6228486,35.8836821
251,学校等,上落合小学校,市民利用施設,学校教育系施設,学校等,小学校,中央区上落合４丁目14番24,139.6258448,35.8940704
252,学校等,大戸小学校,市民利用施設,学校教育系施設,学校等,小学校,中央区新中里１丁目6番28,139.6358656,35.8724274
253,学校等,下落合小学校,市民利用施設,学校教育系施設,学校等,小学校,中央区上落合１丁目7番33,139.6314716,35.8899203
254,学校等,与野西北小学校,市民利用施設,学校教育系施設,学校等,小学校,中央区円阿弥４丁目3番7,139.6079287,35.8876058
255,学校等,鈴谷小学校,市民利用施設,学校教育系施設,学校等,小学校,中央区鈴谷５丁目1番1,139.6314492,35.8713433
256,学校等,与野八幡小学校,市民利用施設,学校教育系施設,学校等,小学校,中央区本町東５丁目23番14,139.6220754,35.8909133
257,学校等,与野南小学校,市民利用施設,学校教育系施設,学校等,小学校,中央区大戸６丁目2番25,139.6357118,35.8666965
258,学校等,岩槻小学校,市民利用施設,学校教育系施設,学校等,小学校,岩槻区本町５丁目6番45,139.6985366,35.9536949
259,学校等,太田小学校,市民利用施設,学校教育系施設,学校等,小学校,岩槻区仲町１丁目17番3,139.704578,35.9481443
260,学校等,川通小学校,市民利用施設,学校教育系施設,学校等,小学校,岩槻区大字大野島422番1,139.7312004,35.9419524
261,学校等,柏崎小学校,市民利用施設,学校教育系施設,学校等,小学校,岩槻区大字柏崎762番,139.7014645,35.9337231
262,学校等,和土小学校,市民利用施設,学校教育系施設,学校等,小学校,岩槻区大字黒谷1353番,139.7206831,35.9261999
263,学校等,新和小学校,市民利用施設,学校教育系施設,学校等,小学校,岩槻区大字尾ヶ崎1252番,139.7324384,35.9105858
264,学校等,慈恩寺小学校,市民利用施設,学校教育系施設,学校等,小学校,岩槻区大字慈恩寺259番,139.7077972,35.9816894
265,学校等,河合小学校,市民利用施設,学校教育系施設,学校等,小学校,岩槻区大字平林寺351番,139.6720618,35.9672515
266,学校等,東岩槻小学校,市民利用施設,学校教育系施設,学校等,小学校,岩槻区諏訪２丁目6番1,139.7093288,35.9702155
267,学校等,城北小学校,市民利用施設,学校教育系施設,学校等,小学校,岩槻区大字岩槻6619番,139.6939101,35.9620449
268,学校等,徳力小学校,市民利用施設,学校教育系施設,学校等,小学校,岩槻区大字徳力136番4,139.7164774,35.9741308
269,学校等,上里小学校,市民利用施設,学校教育系施設,学校等,小学校,岩槻区上里２丁目2番,139.7041699,35.9651552
270,学校等,西原小学校,市民利用施設,学校教育系施設,学校等,小学校,岩槻区西原6番25,139.6833046,35.9527001
271,学校等,城南小学校,市民利用施設,学校教育系施設,学校等,小学校,岩槻区大字南下新井1191番1,139.712631,35.9359332
272,学校等,辻南小学校,市民利用施設,学校教育系施設,学校等,小学校,南区辻８丁目7番32,139.6651876,35.8315171
273,学校等,つばさ小学校,市民利用施設,学校教育系施設,学校等,小学校,北区宮原町３丁目902番4,139.6105142,35.9335265
274,学校等,美園小学校,市民利用施設,学校教育系施設,学校等,小学校,緑区美園５丁目33番地,139.7353881,35.8906454
275,学校等,美園北小学校,市民利用施設,学校教育系施設,学校等,小学校,緑区美園２丁目１２番地１１,139.723515,35.901409
276,学校等,岸中学校,市民利用施設,学校教育系施設,学校等,中学校,南区南本町２丁目25番27,139.6649566,35.8503604
277,学校等,常盤中学校,市民利用施設,学校教育系施設,学校等,中学校,浦和区針ヶ谷４丁目1番9,139.6393677,35.8782
278,学校等,木崎中学校,市民利用施設,学校教育系施設,学校等,中学校,浦和区瀬ヶ崎２丁目17番1,139.6615672,35.8787747
279,学校等,原山中学校,市民利用施設,学校教育系施設,学校等,中学校,緑区太田窪１丁目10番22,139.6669107,35.8663078
280,学校等,本太中学校,市民利用施設,学校教育系施設,学校等,中学校,浦和区領家１丁目4番15,139.6584833,35.8733928
281,学校等,東浦和中学校,市民利用施設,学校教育系施設,学校等,中学校,緑区大字中尾1207番1,139.6841698,35.8745072
282,学校等,南浦和中学校,市民利用施設,学校教育系施設,学校等,中学校,南区辻６丁目1番33,139.6571645,35.8348572
283,学校等,白幡中学校,市民利用施設,学校教育系施設,学校等,中学校,南区白幡２丁目18番13,139.6526509,35.8484502
284,学校等,大原中学校,市民利用施設,学校教育系施設,学校等,中学校,浦和区大原３丁目1番11,139.6482095,35.8928799
285,学校等,土合中学校,市民利用施設,学校教育系施設,学校等,中学校,桜区町谷１丁目19番1,139.623198,35.8598951
286,学校等,大久保中学校,市民利用施設,学校教育系施設,学校等,中学校,桜区大字五関282番,139.5979414,35.8669007
287,学校等,大谷場中学校,市民利用施設,学校教育系施設,学校等,中学校,南区大谷場２丁目13番54,139.6742528,35.8534215
288,学校等,美園中学校,市民利用施設,学校教育系施設,学校等,中学校,緑区大字大崎2550番3,139.7126234,35.8921389
289,学校等,大谷口中学校,市民利用施設,学校教育系施設,学校等,中学校,南区大字広ヶ谷戸21番,139.6831659,35.8628465
290,学校等,田島中学校,市民利用施設,学校教育系施設,学校等,中学校,桜区田島１０丁目13番1,139.6225816,35.838475
291,学校等,三室中学校,市民利用施設,学校教育系施設,学校等,中学校,緑区馬場１丁目38番2,139.6842384,35.8867226
292,学校等,上大久保中学校,市民利用施設,学校教育系施設,学校等,中学校,桜区大字上大久保861番1,139.6163867,35.8718673
293,学校等,内谷中学校,市民利用施設,学校教育系施設,学校等,中学校,南区内谷６丁目10番1,139.6479275,35.8352541
294,学校等,尾間木中学校,市民利用施設,学校教育系施設,学校等,中学校,緑区東浦和４丁目29番1,139.6984635,35.8688522
295,学校等,大宮東中学校,市民利用施設,学校教育系施設,学校等,中学校,大宮区堀の内町１丁目99番,139.6350034,35.9081325
296,学校等,大宮南中学校,市民利用施設,学校教育系施設,学校等,中学校,大宮区天沼町２丁目362番,139.6367866,35.8990706
297,学校等,大宮北中学校,市民利用施設,学校教育系施設,学校等,中学校,大宮区寿能町１丁目21番,139.6329255,35.9215763
298,学校等,桜木中学校,市民利用施設,学校教育系施設,学校等,中学校,大宮区桜木町４丁目219番,139.6166701,35.9052995
299,学校等,三橋中学校,市民利用施設,学校教育系施設,学校等,中学校,大宮区三橋１丁目1300番,139.6022142,35.9047788
300,学校等,大成中学校,市民利用施設,学校教育系施設,学校等,中学校,大宮区大成町２丁目379番,139.613303,35.9132813
301,学校等,日進中学校,市民利用施設,学校教育系施設,学校等,中学校,北区櫛引町２丁目503番1,139.6100145,35.9215133
302,学校等,宮原中学校,市民利用施設,学校教育系施設,学校等,中学校,北区宮原町４丁目129番,139.6051078,35.9519175
303,学校等,植竹中学校,市民利用施設,学校教育系施設,学校等,中学校,北区土呂町352番,139.6270253,35.9339878
304,学校等,大砂土中学校,市民利用施設,学校教育系施設,学校等,中学校,見沼区東大宮１丁目100番1,139.6446878,35.9379901
305,学校等,指扇中学校,市民利用施設,学校教育系施設,学校等,中学校,西区西大宮３丁目31番地1,139.5770727,35.9275148
306,学校等,馬宮中学校,市民利用施設,学校教育系施設,学校等,中学校,西区大字二ツ宮589番1,139.5799245,35.8991051
307,学校等,片柳中学校,市民利用施設,学校教育系施設,学校等,中学校,見沼区大字御蔵551番,139.6741513,35.906825
308,学校等,春里中学校,市民利用施設,学校教育系施設,学校等,中学校,見沼区大字小深作268番19,139.6641298,35.940931
309,学校等,大宮西中学校,市民利用施設,学校教育系施設,学校等,中学校,西区三橋６丁目1558番,139.5905867,35.920152
310,学校等,七里中学校,市民利用施設,学校教育系施設,学校等,中学校,見沼区東宮下１丁目1番1,139.6810131,35.9277122
311,学校等,泰平中学校,市民利用施設,学校教育系施設,学校等,中学校,北区本郷町1991番,139.6271298,35.9486896
312,学校等,宮前中学校,市民利用施設,学校教育系施設,学校等,中学校,西区宮前町1467番1,139.5981006,35.9298349
313,学校等,植水中学校,市民利用施設,学校教育系施設,学校等,中学校,西区大字三条町345番1,139.5839486,35.8869395
314,学校等,大谷中学校,市民利用施設,学校教育系施設,学校等,中学校,見沼区大字大谷1634番2,139.6668684,35.925652
315,学校等,第二東中学校,市民利用施設,学校教育系施設,学校等,中学校,大宮区天沼町１丁目760番,139.6451112,35.9089339
316,学校等,土屋中学校,市民利用施設,学校教育系施設,学校等,中学校,西区大字土屋1766番1,139.5709321,35.9117248
317,学校等,大宮八幡中学校,市民利用施設,学校教育系施設,学校等,中学校,見沼区大字南中丸357番,139.6532921,35.9192282
318,学校等,土呂中学校,市民利用施設,学校教育系施設,学校等,中学校,北区見沼３丁目75番,139.6372627,35.9389182
319,学校等,春野中学校,市民利用施設,学校教育系施設,学校等,中学校,見沼区春野２丁目2番1,139.6632244,35.9565444
320,学校等,与野東中学校,市民利用施設,学校教育系施設,学校等,中学校,中央区下落合２丁目21番10,139.6321857,35.8884985
321,学校等,与野西中学校,市民利用施設,学校教育系施設,学校等,中学校,中央区鈴谷８丁目10番33,139.6235844,35.8779357
322,学校等,与野南中学校,市民利用施設,学校教育系施設,学校等,中学校,中央区大戸２丁目6番25,139.6347551,35.8657006
323,学校等,八王子中学校,市民利用施設,学校教育系施設,学校等,中学校,中央区八王子４丁目2番1,139.6083743,35.8785748
324,学校等,岩槻中学校,市民利用施設,学校教育系施設,学校等,中学校,岩槻区仲町１丁目14番35,139.7036382,35.949428
325,学校等,川通中学校,市民利用施設,学校教育系施設,学校等,中学校,岩槻区大字長宮435番,139.7313645,35.9478442
326,学校等,城南中学校,市民利用施設,学校教育系施設,学校等,中学校,岩槻区大字笹久保577番,139.727192,35.9149907
327,学校等,慈恩寺中学校,市民利用施設,学校教育系施設,学校等,中学校,岩槻区大字裏慈恩寺505番,139.7049493,35.9852249
328,学校等,城北中学校,市民利用施設,学校教育系施設,学校等,中学校,岩槻区大字本宿392番1,139.689297,35.9647836
329,学校等,桜山中学校,市民利用施設,学校教育系施設,学校等,中学校,岩槻区大字表慈恩寺684番1,139.7111876,35.9729116
330,学校等,柏陽中学校,市民利用施設,学校教育系施設,学校等,中学校,岩槻区大字真福寺454番,139.7030404,35.9359452
331,学校等,西原中学校,市民利用施設,学校教育系施設,学校等,中学校,岩槻区大字岩槻3750番,139.6814421,35.9551333
332,学校等,浦和中学校,市民利用施設,学校教育系施設,学校等,中学校,浦和区元町１丁目28番17,139.6573241,35.8711333
333,学校等,美園南中学校,市民利用施設,学校教育系施設,学校等,中学校,緑区美園６丁目１５,139.73623433,35.88589631
334,学校等,浦和高等学校,市民利用施設,学校教育系施設,学校等,高等学校,浦和区元町１丁目28番17,139.6573108,35.8714597
335,学校等,浦和南高等学校,市民利用施設,学校教育系施設,学校等,高等学校,南区辻６丁目5番31,139.6572125,35.8325269
336,学校等,大宮北高等学校,市民利用施設,学校教育系施設,学校等,高等学校,北区奈良町91番1,139.6002306,35.9458794
337,学校等,大宮国際中等教育学校,市民利用施設,学校教育系施設,学校等,高等学校,大宮区三橋４丁目96番,139.59862,35.8964067
338,学校等,ひまわり特別支援学校,市民利用施設,学校教育系施設,学校等,特別支援学校,西区三橋６丁目1587番,139.5906347,35.9209497
339,学校等,さくら草特別支援学校,市民利用施設,学校教育系施設,学校等,特別支援学校,緑区大字三室636番80,139.6748392,35.8908636
340,少年自然の家,舘岩少年自然の家,市民利用施設,学校教育系施設,少年自然の家,少年自然の家,福島県南会津郡南会津町宮里字向山2847番地1,139.481815,37.057072
341,保健衛生施設,高等看護学院,市民利用施設,保健福祉系施設,保健衛生施設,高等看護学院・寮,緑区大字三室2460番,139.678839,35.891031
342,保健衛生施設,高等看護学院学生宿舎,市民利用施設,保健福祉系施設,保健衛生施設,高等看護学院・寮,緑区大字三室2423番12,139.675353,35.891303
343,保健衛生施設,思い出の里市営霊園,市民利用施設,保健福祉系施設,保健衛生施設,墓地・納骨堂,見沼区大字大谷600番,139.675364,35.916572
344,保健衛生施設,青山苑墓地,市民利用施設,保健福祉系施設,保健衛生施設,墓地・納骨堂,緑区大字中野田1030番,139.711999,35.899706
345,保健衛生施設,ひかり会館納骨堂,市民利用施設,保健福祉系施設,保健衛生施設,墓地・納骨堂,中央区本町東５丁目13番29,139.61985,35.889889
346,保健衛生施設,浦和斎場,市民利用施設,保健福祉系施設,保健衛生施設,斎場・火葬場,桜区大字下大久保1523番1,139.602105,35.857885
347,保健衛生施設,ひかり会館,市民利用施設,保健福祉系施設,保健衛生施設,斎場・火葬場,中央区本町東５丁目13番29,139.61985,35.889889
348,保健衛生施設,大宮聖苑,市民利用施設,保健福祉系施設,保健衛生施設,斎場・火葬場,見沼区染谷２丁目350番1,139.689352,35.907901
349,保健衛生施設,思い出の里会館,市民利用施設,保健福祉系施設,保健衛生施設,斎場・火葬場,見沼区大字大谷600番,139.675364,35.916572
350,保健衛生施設,動物愛護ふれあいセンター,市民利用施設,保健福祉系施設,保健衛生施設,動物愛護ふれあいセンター,桜区大字神田950番1,139.605358,35.858239
351,社会福祉施設,浦和ふれあい館,市民利用施設,保健福祉系施設,社会福祉施設,社会福祉施設,浦和区常盤９丁目30番22,139.642801,35.871149
352,社会福祉施設,大宮ふれあい福祉センター,市民利用施設,保健福祉系施設,社会福祉施設,社会福祉施設,大宮区土手町１丁目213番1,139.621388,35.915715
353,社会福祉施設,三つ和会館,市民利用施設,保健福祉系施設,社会福祉施設,社会福祉施設,大宮区三橋３丁目52番,139.608897,35.897837
354,高齢福祉施設,老人福祉センター和楽荘,市民利用施設,保健福祉系施設,高齢福祉施設,老人福祉センター,緑区大字三室2458番,139.677542,35.890089
355,高齢福祉施設,老人福祉センター寿楽荘,市民利用施設,保健福祉系施設,高齢福祉施設,老人福祉センター,桜区大字下大久保727番1,139.603471,35.863014
356,高齢福祉施設,老人福祉センターあずま荘,市民利用施設,保健福祉系施設,高齢福祉施設,老人福祉センター,大宮区東町２丁目105番,139.631882,35.908922
357,高齢福祉施設,老人福祉センター東楽園,市民利用施設,保健福祉系施設,高齢福祉施設,老人福祉センター,見沼区大字膝子1151番1,139.687759,35.925735
358,高齢福祉施設,老人福祉センターしもか荘,市民利用施設,保健福祉系施設,高齢福祉施設,老人福祉センター,北区日進町１丁目800番105,139.604739,35.925622
359,高齢福祉施設,老人福祉センターいこい荘,市民利用施設,保健福祉系施設,高齢福祉施設,老人福祉センター,中央区下落合５丁目11番12,139.626608,35.885223
360,高齢福祉施設,老人福祉センター馬宮荘,市民利用施設,保健福祉系施設,高齢福祉施設,老人福祉センター,西区大字西遊馬533番1,139.572728,35.905091
361,高齢福祉施設,老人福祉センター槻寿苑,市民利用施設,保健福祉系施設,高齢福祉施設,老人福祉センター,岩槻区大字笹久保1393番,139.712973,35.918468
362,高齢福祉施設,老人福祉センター仲本荘,市民利用施設,保健福祉系施設,高齢福祉施設,老人福祉センター,浦和区東仲町28番15,139.660064,35.860754
363,高齢福祉施設,老人福祉センター武蔵浦和荘,市民利用施設,保健福祉系施設,高齢福祉施設,老人福祉センター,南区別所７丁目20番1,139.645361,35.845312
364,高齢福祉施設,三橋老人憩いの家,市民利用施設,保健福祉系施設,高齢福祉施設,老人憩いの家,大宮区三橋２丁目59番,139.603953,35.902892
365,高齢福祉施設,三橋老人憩いの家分館,市民利用施設,保健福祉系施設,高齢福祉施設,老人憩いの家,大宮区三橋２丁目259番1,139.60212,35.90052
366,高齢福祉施設,天沼老人憩いの家,市民利用施設,保健福祉系施設,高齢福祉施設,老人憩いの家,大宮区天沼町１丁目194番,139.636937,35.90622
367,高齢福祉施設,宮原老人憩いの家,市民利用施設,保健福祉系施設,高齢福祉施設,老人憩いの家,北区宮原町４丁目66番13,139.610957,35.947176
368,高齢福祉施設,植水老人憩いの家,市民利用施設,保健福祉系施設,高齢福祉施設,老人憩いの家,西区大字中野林174番1,139.592113,35.893749
369,高齢福祉施設,本郷老人憩いの家,市民利用施設,保健福祉系施設,高齢福祉施設,老人憩いの家,北区本郷町1065番3,139.626181,35.94568
370,高齢福祉施設,片柳老人憩いの家,市民利用施設,保健福祉系施設,高齢福祉施設,老人憩いの家,見沼区大字東新井710番78,139.66469,35.904846
371,高齢福祉施設,春野老人憩いの家,市民利用施設,保健福祉系施設,高齢福祉施設,老人憩いの家,見沼区春野１丁目7番1,139.667932,35.955737
372,高齢福祉施設,与野本町老人憩いの家,市民利用施設,保健福祉系施設,高齢福祉施設,老人憩いの家,中央区本町東５丁目17番25,139.620388,35.8905
373,高齢福祉施設,老人憩いの家ふれあいプラザ,市民利用施設,保健福祉系施設,高齢福祉施設,老人憩いの家,岩槻区東岩槻６丁目6番,139.716584,35.962225
374,高齢福祉施設,大砂土デイサービスセンター,市民利用施設,保健福祉系施設,高齢福祉施設,高齢者デイサービスセンター,北区今羽町637番1,139.626466,35.950439
375,高齢福祉施設,上峰デイサービスセンター,市民利用施設,保健福祉系施設,高齢福祉施設,高齢者デイサービスセンター,中央区上峰３丁目10番6,139.620986,35.874693
376,高齢福祉施設,槻寿苑デイサービスセンター,市民利用施設,保健福祉系施設,高齢福祉施設,高齢者デイサービスセンター,岩槻区大字笹久保1393番,139.713226,35.918632
377,高齢福祉施設,与野本町デイサービスセンター,市民利用施設,保健福祉系施設,高齢福祉施設,高齢者デイサービスセンター,中央区本町東４丁目7番20,139.622138,35.885472
378,高齢福祉施設,健康福祉センター西楽園,市民利用施設,保健福祉系施設,高齢福祉施設,高齢福祉系その他施設,西区大字宝来60番1,139.553757,35.932767
379,高齢福祉施設,高齢者生きがい活動センター,市民利用施設,保健福祉系施設,高齢福祉施設,高齢福祉系その他施設,北区植竹町１丁目593番1,139.624087,35.927705
380,高齢福祉施設,グリーンヒルうらわ,市民利用施設,保健福祉系施設,高齢福祉施設,高齢福祉系その他施設,緑区馬場１丁目7番1,139.680878,35.890778
381,高齢福祉施設,年輪荘,市民利用施設,保健福祉系施設,高齢福祉施設,高齢福祉系その他施設,緑区大字中尾1404番,139.686058,35.873594
382,障害者福祉施設,障害者総合支援センター,市民利用施設,保健福祉系施設,障害福祉施設,障害者総合支援センター,中央区鈴谷７丁目5番7,139.624305,35.87441
383,障害者福祉施設,大崎むつみの里,市民利用施設,保健福祉系施設,障害福祉施設,障害者福祉施設,緑区大字大崎37番1,139.715686,35.882833
384,障害者福祉施設,春光園けやき,市民利用施設,保健福祉系施設,障害福祉施設,障害者福祉施設,見沼区宮ヶ谷塔１丁目280番,139.680251,35.950549
385,障害者福祉施設,春光園うえみず,市民利用施設,保健福祉系施設,障害福祉施設,障害者福祉施設,西区大字佐知川299番16,139.587518,35.90365
386,障害者福祉施設,槻の木,市民利用施設,保健福祉系施設,障害福祉施設,障害者福祉施設,岩槻区大字黒谷1135番2,139.719758,35.927806
387,障害者福祉施設,みずき園,市民利用施設,保健福祉系施設,障害福祉施設,障害者福祉施設,中央区大戸２丁目7番21,139.633469,35.865167
388,障害者福祉施設,槻の木・第1やまぶき,市民利用施設,保健福祉系施設,障害福祉施設,障害者福祉施設,岩槻区古ヶ場２丁目1番11,139.693089,35.9787
389,障害者福祉施設,槻の木・第2やまぶき,市民利用施設,保健福祉系施設,障害福祉施設,障害者福祉施設,岩槻区大字黒谷1282番１,139.718914,35.927842
390,障害者福祉施設,さくら草学園,市民利用施設,保健福祉系施設,障害福祉施設,障害者福祉施設,浦和区領家１丁目5番16,139.658241,35.874636
391,障害者福祉施設,杉の子園,市民利用施設,保健福祉系施設,障害福祉施設,障害者福祉施設,中央区大戸２丁目7番17,139.633233,35.865644
392,障害者福祉施設,大砂土障害者デイサービスセンター,市民利用施設,保健福祉系施設,障害福祉施設,障害者福祉施設,北区本郷町17番7,139.626204,35.937651
393,障害者福祉施設,はるの園,市民利用施設,保健福祉系施設,障害福祉施設,障害者福祉施設,見沼区春野２丁目3番5,139.661741,35.957839
394,障害者福祉施設,総合療育センターひまわり学園,市民利用施設,保健福祉系施設,障害福祉施設,障害児総合療育施設,西区三橋６丁目1587番,139.590651,35.920833
395,障害者福祉施設,総合療育センターひまわり学園　療育センターさくら草,市民利用施設,保健福祉系施設,障害福祉施設,療育センターさくら草,桜区田島２丁目16番2,139.631487,35.843103
396,障害者福祉施設,障害福祉施設みのり園,市民利用施設,保健福祉系施設,障害福祉施設,障害児福祉施設,西区三橋６丁目1587番,139.589646,35.920553
397,保育所,植水保育園,市民利用施設,保健福祉系施設,児童福祉施設,保育所,西区大字佐知川306番,139.5871364,35.9035548
398,保育所,指扇保育園,市民利用施設,保健福祉系施設,児童福祉施設,保育所,西区大字高木567番3,139.5707863,35.9274483
399,保育所,馬宮保育園,市民利用施設,保健福祉系施設,児童福祉施設,保育所,西区大字西遊馬119番,139.5741551,35.9014867
400,保育所,三橋西保育園,市民利用施設,保健福祉系施設,児童福祉施設,保育所,西区三橋６丁目381番1,139.5860387,35.9129169
401,保育所,日進保育園,市民利用施設,保健福祉系施設,児童福祉施設,保育所,北区日進町２丁目632番,139.6092833,35.9296988
402,保育所,東大成保育園,市民利用施設,保健福祉系施設,児童福祉施設,保育所,北区東大成町２丁目103番,139.6205332,35.9258554
403,保育所,宮原保育園,市民利用施設,保健福祉系施設,児童福祉施設,保育所,北区宮原町２丁目83番2,139.6171527,35.9421783
404,保育所,大砂土保育園,市民利用施設,保健福祉系施設,児童福祉施設,保育所,北区土呂町１丁目51番8,139.628256,35.9354279
405,保育所,日進西保育園,市民利用施設,保健福祉系施設,児童福祉施設,保育所,北区日進町１丁目800番1,139.6042299,35.9263081
406,保育所,奈良保育園,市民利用施設,保健福祉系施設,児童福祉施設,保育所,北区奈良町125番6,139.5979922,35.9491015
407,保育所,泰平保育園,市民利用施設,保健福祉系施設,児童福祉施設,保育所,北区今羽町596番,139.6262982,35.9484806
408,保育所,大宮保育園,市民利用施設,保健福祉系施設,児童福祉施設,保育所,大宮区吉敷町１丁目132番3,139.6306438,35.9013154
409,保育所,桜木保育園,市民利用施設,保健福祉系施設,児童福祉施設,保育所,大宮区桜木町１丁目185番2,139.622524,35.9034905
410,保育所,三橋保育園,市民利用施設,保健福祉系施設,児童福祉施設,保育所,大宮区三橋２丁目929番,139.6056913,35.9022307
411,保育所,天沼保育園,市民利用施設,保健福祉系施設,児童福祉施設,保育所,大宮区天沼町２丁目438番1,139.6394986,35.8988286
412,保育所,上小保育園,市民利用施設,保健福祉系施設,児童福祉施設,保育所,大宮区上小町845番4,139.6113249,35.9000089
413,保育所,大成保育園,市民利用施設,保健福祉系施設,児童福祉施設,保育所,大宮区大成町３丁目655番1,139.611419,35.915505
414,保育所,寿能保育園,市民利用施設,保健福祉系施設,児童福祉施設,保育所,大宮区寿能町２丁目140番,139.6366859,35.9211386
415,保育所,大和田保育園,市民利用施設,保健福祉系施設,児童福祉施設,保育所,見沼区大和田町１丁目1230番92,139.6522634,35.9244361
416,保育所,七里保育園,市民利用施設,保健福祉系施設,児童福祉施設,保育所,見沼区大字大谷1985番,139.6754239,35.9266013
417,保育所,片柳保育園,市民利用施設,保健福祉系施設,児童福祉施設,保育所,見沼区大字御蔵796番,139.6693388,35.9064357
418,保育所,東大宮保育園,市民利用施設,保健福祉系施設,児童福祉施設,保育所,見沼区丸ヶ崎町13番13,139.6513747,35.9536105
419,保育所,七里東保育園,市民利用施設,保健福祉系施設,児童福祉施設,保育所,見沼区大字新堤40番,139.6713813,35.9310369
420,保育所,春野保育園,市民利用施設,保健福祉系施設,児童福祉施設,保育所,見沼区春野１丁目7番1,139.6679948,35.9556838
421,保育所,上落合保育園,市民利用施設,保健福祉系施設,児童福祉施設,保育所,中央区上落合２丁目9番10,139.6263099,35.8896879
422,保育所,与野本町保育園,市民利用施設,保健福祉系施設,児童福祉施設,保育所,中央区本町東７丁目4番19,139.6207431,35.8915592
423,保育所,大戸保育園,市民利用施設,保健福祉系施設,児童福祉施設,保育所,中央区大戸２丁目7番19,139.6333921,35.8654006
424,保育所,下落合団地保育園,市民利用施設,保健福祉系施設,児童福祉施設,保育所,中央区下落合３丁目8番2,139.6313905,35.8851949
425,保育所,鈴谷西保育園,市民利用施設,保健福祉系施設,児童福祉施設,保育所,中央区鈴谷７丁目3番31,139.6261579,35.8741521
426,保育所,鈴谷東保育園,市民利用施設,保健福祉系施設,児童福祉施設,保育所,中央区鈴谷９丁目3番2,139.6286983,35.8765538
427,保育所,八王子保育園,市民利用施設,保健福祉系施設,児童福祉施設,保育所,中央区八王子５丁目12番17,139.6053678,35.8806327
428,保育所,大久保保育園,市民利用施設,保健福祉系施設,児童福祉施設,保育所,桜区大字大久保領家373番1,139.602856,35.8695246
429,保育所,田島保育園,市民利用施設,保健福祉系施設,児童福祉施設,保育所,桜区田島２丁目16番7,139.6314637,35.8434562
430,保育所,白鍬保育園,市民利用施設,保健福祉系施設,児童福祉施設,保育所,桜区大字白鍬字木畔511番,139.603948,35.884807
431,保育所,西堀保育園,市民利用施設,保健福祉系施設,児童福祉施設,保育所,桜区桜田３丁目9番12,139.6188596,35.8520724
432,保育所,上大久保保育園,市民利用施設,保健福祉系施設,児童福祉施設,保育所,桜区大字上大久保940番3,139.6093487,35.8693844
433,保育所,岸町保育園,市民利用施設,保健福祉系施設,児童福祉施設,保育所,浦和区岸町６丁目5番12,139.6516905,35.8537244
434,保育所,本太保育園,市民利用施設,保健福祉系施設,児童福祉施設,保育所,浦和区本太４丁目3番15,139.6575734,35.8667887
435,保育所,領家保育園,市民利用施設,保健福祉系施設,児童福祉施設,保育所,浦和区領家７丁目14番16,139.6490665,35.8823899
436,保育所,駒場保育園,市民利用施設,保健福祉系施設,児童福祉施設,保育所,浦和区駒場１丁目27番7,139.6602933,35.8721095
437,保育所,浦和中央保育園,市民利用施設,保健福祉系施設,児童福祉施設,保育所,浦和区仲町２丁目13番7,139.6518365,35.8585946
438,保育所,常盤保育園,市民利用施設,保健福祉系施設,児童福祉施設,保育所,浦和区常盤９丁目3番16,139.6468403,35.8671279
439,保育所,常盤北保育園,市民利用施設,保健福祉系施設,児童福祉施設,保育所,浦和区針ヶ谷４丁目1番1,139.6408305,35.8775811
440,保育所,東仲町保育園,市民利用施設,保健福祉系施設,児童福祉施設,保育所,浦和区東仲町28番16,139.6600946,35.8606002
441,保育所,大東保育園,市民利用施設,保健福祉系施設,児童福祉施設,保育所,浦和区大東２丁目１８番７号,139.662588,35.882009
442,保育所,針ｹ谷保育園,市民利用施設,保健福祉系施設,児童福祉施設,保育所,浦和区針ヶ谷１丁目4番3,139.6420802,35.8797377
443,保育所,南浦和保育園,市民利用施設,保健福祉系施設,児童福祉施設,保育所,南区根岸２丁目19番3,139.6652486,35.8400479
444,保育所,文蔵保育園,市民利用施設,保健福祉系施設,児童福祉施設,保育所,南区文蔵３丁目7番14,139.6756052,35.8400475
445,保育所,白幡保育園,市民利用施設,保健福祉系施設,児童福祉施設,保育所,南区白幡３丁目1番2,139.6554829,35.8448493
446,保育所,大谷場保育園,市民利用施設,保健福祉系施設,児童福祉施設,保育所,南区南浦和３丁目36番11,139.6742633,35.8463121
447,保育所,辻保育園,市民利用施設,保健福祉系施設,児童福祉施設,保育所,南区辻３丁目10番15,139.6573881,35.8393229
448,保育所,曲本保育園,市民利用施設,保健福祉系施設,児童福祉施設,保育所,南区曲本４丁目5番7,139.642113,35.838065
449,保育所,大谷口保育園,市民利用施設,保健福祉系施設,児童福祉施設,保育所,南区大字大谷口1089番1,139.6770428,35.8614998
450,保育所,武蔵浦和保育園,市民利用施設,保健福祉系施設,児童福祉施設,保育所,南区鹿手袋４丁目1番12,139.6421426,35.8487029
451,保育所,尾間木保育園,市民利用施設,保健福祉系施設,児童福祉施設,保育所,緑区大字中尾1432番5,139.6860998,35.8733279
452,保育所,原山保育園,市民利用施設,保健福祉系施設,児童福祉施設,保育所,緑区原山１丁目7番2,139.6720253,35.8694891
453,保育所,三室保育園,市民利用施設,保健福祉系施設,児童福祉施設,保育所,緑区大字三室1629番6,139.6787069,35.8826603
454,保育所,西町保育園,市民利用施設,保健福祉系施設,児童福祉施設,保育所,岩槻区西町３丁目1番24,139.6865264,35.9531017
455,保育所,岩槻本町保育園,市民利用施設,保健福祉系施設,児童福祉施設,保育所,岩槻区本町２丁目5番5,139.6935401,35.9441537
456,保育所,諏訪保育園,市民利用施設,保健福祉系施設,児童福祉施設,保育所,岩槻区諏訪２丁目5番1,139.7090236,35.9691143
457,保育所,美幸保育園,市民利用施設,保健福祉系施設,児童福祉施設,保育所,岩槻区美幸町3番18,139.6909925,35.9602155
458,子育て支援センター,子育て支援センターみぬま,市民利用施設,保健福祉系施設,児童福祉施設,子育て支援センター,見沼区大和田町１丁目1387番1,139.650288,35.927459
459,子育て支援センター,子育て支援センターおおみや,市民利用施設,保健福祉系施設,児童福祉施設,子育て支援センター,大宮区桜木町１丁目185番2,139.622513,35.903373
460,子育て支援センター,子育て支援センターいわつき,市民利用施設,保健福祉系施設,児童福祉施設,子育て支援センター,岩槻区本町３丁目1番1,139.693866,35.950357
461,子育て支援センター,子育て支援センターよの,市民利用施設,保健福祉系施設,児童福祉施設,子育て支援センター,中央区本町東3-5-23,139.6233217,35.88403651
462,子育て支援センター,サウスピア（子育て支援センターみなみ）,市民利用施設,保健福祉系施設,児童福祉施設,子育て支援センター,南区別所７丁目20番1,139.645361,35.845312
463,子育て支援センター,子育て支援センターにし,市民利用施設,保健福祉系施設,児童福祉施設,子育て支援センター,西区三橋６丁目382番1,139.58586,35.913037
464,子育て支援センター,子育て支援センターうらわ,市民利用施設,保健福祉系施設,児童福祉施設,子育て支援センター,浦和区高砂1－2－1－309エイペックスタワー浦和・オフィス東館３階,139.657638,35.85697
465,児童センター,文蔵児童センター,市民利用施設,保健福祉系施設,児童福祉施設,児童センター,南区文蔵４丁目19番3,139.669755,35.83801
466,児童センター,浦和別所児童センター,市民利用施設,保健福祉系施設,児童福祉施設,児童センター,南区別所２丁目15番6,139.64609,35.851308
467,児童センター,三橋児童センター,市民利用施設,保健福祉系施設,児童福祉施設,児童センター,大宮区三橋２丁目59番,139.604009,35.902871
468,児童センター,植竹児童センター,市民利用施設,保健福祉系施設,児童福祉施設,児童センター,北区盆栽町430番,139.628148,35.927397
469,児童センター,天沼児童センター,市民利用施設,保健福祉系施設,児童福祉施設,児童センター,大宮区天沼町１丁目194番,139.636937,35.90622
470,児童センター,宮原児童センター,市民利用施設,保健福祉系施設,児童福祉施設,児童センター,北区宮原町４丁目66番13,139.610957,35.947176
471,児童センター,植水児童センター,市民利用施設,保健福祉系施設,児童福祉施設,児童センター,西区大字中野林174番1,139.592113,35.893749
472,児童センター,本郷児童センター,市民利用施設,保健福祉系施設,児童福祉施設,児童センター,北区本郷町1065番3,139.626181,35.94568
473,児童センター,片柳児童センター,市民利用施設,保健福祉系施設,児童福祉施設,児童センター,見沼区大字東新井710番78,139.66469,35.904846
474,児童センター,春野児童センター,市民利用施設,保健福祉系施設,児童福祉施設,児童センター,見沼区春野１丁目7番1,139.667932,35.955737
475,児童センター,与野本町児童センター,市民利用施設,保健福祉系施設,児童福祉施設,児童センター,中央区本町東５丁目17番25,139.620388,35.8905
476,児童センター,向原児童センター,市民利用施設,保健福祉系施設,児童福祉施設,児童センター,中央区下落合７丁目11番9,139.63156,35.881415
477,児童センター,大戸児童センター,市民利用施設,保健福祉系施設,児童福祉施設,児童センター,中央区大戸６丁目2番19,139.634816,35.867172
478,児童センター,馬宮児童センター,市民利用施設,保健福祉系施設,児童福祉施設,児童センター,西区大字西遊馬533番1,139.572728,35.905091
479,児童センター,大久保東児童センター,市民利用施設,保健福祉系施設,児童福祉施設,児童センター,桜区大字大久保領家131番6,139.608243,35.86956
480,児童センター,岩槻児童センター,市民利用施設,保健福祉系施設,児童福祉施設,児童センター,岩槻区本町１丁目11番11,139.691866,35.946719
481,児童センター,仲本児童センター,市民利用施設,保健福祉系施設,児童福祉施設,児童センター,浦和区東仲町28番15,139.660108,35.860725
482,児童センター,尾間木児童センター,市民利用施設,保健福祉系施設,児童福祉施設,児童センター,緑区大字大間木472番,139.693833,35.87428
483,放課後児童クラブ,谷田放課後児童クラブ,市民利用施設,保健福祉系施設,児童福祉施設,放課後児童クラブ,南区太田窪５丁目10番6,139.6779167,35.8563425
484,放課後児童クラブ,常盤放課後児童クラブ,市民利用施設,保健福祉系施設,児童福祉施設,放課後児童クラブ,浦和区常盤９丁目30番9,139.644761,35.8689472
485,放課後児童クラブ,大谷場放課後児童クラブ,市民利用施設,保健福祉系施設,児童福祉施設,放課後児童クラブ,南区南浦和１丁目18番3,139.6679633,35.8527792
486,放課後児童クラブ,西浦和放課後児童クラブ,市民利用施設,保健福祉系施設,児童福祉施設,放課後児童クラブ,桜区田島２丁目16番7,139.6314637,35.8434562
487,放課後児童クラブ,大久保東放課後児童クラブ,市民利用施設,保健福祉系施設,児童福祉施設,放課後児童クラブ,桜区大字大久保領家331番,139.6040776,35.871326
488,放課後児童クラブ,三室放課後児童クラブ,市民利用施設,保健福祉系施設,児童福祉施設,放課後児童クラブ,緑区松木１丁目4番11,139.6847253,35.8842246
489,放課後児童クラブ,上木崎放課後児童クラブ,市民利用施設,保健福祉系施設,児童福祉施設,放課後児童クラブ,浦和区上木崎３丁目11番33,139.6446804,35.8886409
490,放課後児童クラブ,中尾放課後児童クラブ,市民利用施設,保健福祉系施設,児童福祉施設,放課後児童クラブ,緑区大字中尾40番1,139.6821471,35.8687623
491,放課後児童クラブ,土合放課後児童クラブ,市民利用施設,保健福祉系施設,児童福祉施設,放課後児童クラブ,桜区南元宿１丁目11番1,139.6264248,35.858801
492,放課後児童クラブ,仲町放課後児童クラブ,市民利用施設,保健福祉系施設,児童福祉施設,放課後児童クラブ,浦和区仲町４丁目7番6,139.6451647,35.8601784
493,放課後児童クラブ,南浦和放課後児童クラブ,市民利用施設,保健福祉系施設,児童福祉施設,放課後児童クラブ,南区南本町１丁目18番13,139.6655522,35.8442508
494,放課後児童クラブ,沼影放課後児童クラブ,市民利用施設,保健福祉系施設,児童福祉施設,放課後児童クラブ,南区曲本４丁目7番6,139.6403744,35.8378645
495,放課後児童クラブ,栄和放課後児童クラブ,市民利用施設,保健福祉系施設,児童福祉施設,放課後児童クラブ,桜区栄和１丁目7番1,139.6173915,35.8613438
496,放課後児童クラブ,辻放課後児童クラブ,市民利用施設,保健福祉系施設,児童福祉施設,放課後児童クラブ,南区辻６丁目3番28,139.6583359,35.8332822
497,放課後児童クラブ,北浦和放課後児童クラブ,市民利用施設,保健福祉系施設,児童福祉施設,放課後児童クラブ,浦和区北浦和２丁目18番3,139.6491285,35.8771269
498,放課後児童クラブ,木崎放課後児童クラブ,市民利用施設,保健福祉系施設,児童福祉施設,放課後児童クラブ,浦和区領家４丁目20番1,139.6536774,35.8824363
499,放課後児童クラブ,善前放課後児童クラブ,市民利用施設,保健福祉系施設,児童福祉施設,放課後児童クラブ,南区大字太田窪2500番1,139.6871988,35.8540178
500,放課後児童クラブ,田島放課後児童クラブ,市民利用施設,保健福祉系施設,児童福祉施設,放課後児童クラブ,桜区田島１０丁目7番14,139.6233547,35.8389981
501,放課後児童クラブ,原山放課後児童クラブ,市民利用施設,保健福祉系施設,児童福祉施設,放課後児童クラブ,緑区原山１丁目22番20,139.6737952,35.8678076
502,放課後児童クラブ,大牧放課後児童クラブ,市民利用施設,保健福祉系施設,児童福祉施設,放課後児童クラブ,緑区東浦和６丁目13番15,139.7062927,35.8728879
503,放課後児童クラブ,本太放課後児童クラブ,市民利用施設,保健福祉系施設,児童福祉施設,放課後児童クラブ,浦和区本太４丁目3番39,139.6568972,35.8656386
504,放課後児童クラブ,大門放課後児童クラブ,市民利用施設,保健福祉系施設,児童福祉施設,放課後児童クラブ,緑区大字大門1361番13,139.7333349,35.8821515
505,放課後児童クラブ,新開放課後児童クラブ,市民利用施設,保健福祉系施設,児童福祉施設,放課後児童クラブ,桜区新開２丁目18番1,139.6174729,35.8507174
506,放課後児童クラブ,針ケ谷放課後児童クラブ,市民利用施設,保健福祉系施設,児童福祉施設,放課後児童クラブ,浦和区領家７丁目2番19,139.6500344,35.8811049
507,放課後児童クラブ,大東放課後児童クラブ,市民利用施設,保健福祉系施設,児童福祉施設,放課後児童クラブ,浦和区大東３丁目14番1,139.6643849,35.8834452
508,放課後児童クラブ,文蔵放課後児童クラブ,市民利用施設,保健福祉系施設,児童福祉施設,放課後児童クラブ,南区文蔵４丁目19番3,139.6695771,35.837957
509,放課後児童クラブ,大谷口放課後児童クラブ,市民利用施設,保健福祉系施設,児童福祉施設,放課後児童クラブ,南区大字大谷口993番16,139.6811586,35.8602188
510,放課後児童クラブ,浦和別所放課後児童クラブ,市民利用施設,保健福祉系施設,児童福祉施設,放課後児童クラブ,南区別所２丁目15番6,139.6461043,35.8513468
511,放課後児童クラブ,道祖土放課後児童クラブ,市民利用施設,保健福祉系施設,児童福祉施設,放課後児童クラブ,緑区道祖土１丁目1番1,139.6694647,35.8747684
512,放課後児童クラブ,高砂放課後児童クラブ,市民利用施設,保健福祉系施設,児童福祉施設,放課後児童クラブ,浦和区岸町４丁目1番29,139.6567957,35.8565402
513,放課後児童クラブ,大谷場東放課後児童クラブ,市民利用施設,保健福祉系施設,児童福祉施設,放課後児童クラブ,南区大谷場２丁目13番54,139.6742528,35.8534215
514,放課後児童クラブ,浦和大里放課後児童クラブ,市民利用施設,保健福祉系施設,児童福祉施設,放課後児童クラブ,南区鹿手袋４丁目1番12,139.6421426,35.8487029
515,放課後児童クラブ,宮前放課後児童クラブ,市民利用施設,保健福祉系施設,児童福祉施設,放課後児童クラブ,西区宮前町443番,139.5946766,35.9241206
516,放課後児童クラブ,七里放課後児童クラブ,市民利用施設,保健福祉系施設,児童福祉施設,放課後児童クラブ,見沼区大字東宮下392番,139.6761569,35.9307008
517,放課後児童クラブ,佐知川放課後児童クラブ,市民利用施設,保健福祉系施設,児童福祉施設,放課後児童クラブ,西区大字佐知川299番16,139.5875339,35.9036393
518,放課後児童クラブ,三橋放課後児童クラブ,市民利用施設,保健福祉系施設,児童福祉施設,放課後児童クラブ,大宮区三橋２丁目59番,139.6039596,35.9028746
519,放課後児童クラブ,植竹放課後児童クラブ,市民利用施設,保健福祉系施設,児童福祉施設,放課後児童クラブ,北区盆栽町430番,139.6281166,35.9273665
520,放課後児童クラブ,天沼放課後児童クラブ,市民利用施設,保健福祉系施設,児童福祉施設,放課後児童クラブ,大宮区天沼町１丁目194番,139.636951,35.9062195
521,放課後児童クラブ,宮原放課後児童クラブ,市民利用施設,保健福祉系施設,児童福祉施設,放課後児童クラブ,北区宮原町４丁目66番13,139.6109898,35.9471921
522,放課後児童クラブ,植水放課後児童クラブ,市民利用施設,保健福祉系施設,児童福祉施設,放課後児童クラブ,西区大字中野林174番1,139.5921074,35.8937691
523,放課後児童クラブ,本郷放課後児童クラブ,市民利用施設,保健福祉系施設,児童福祉施設,放課後児童クラブ,北区本郷町1065番3,139.6262123,35.9456886
524,放課後児童クラブ,海老沼放課後児童クラブ,市民利用施設,保健福祉系施設,児童福祉施設,放課後児童クラブ,見沼区大字東新井710番78,139.6646815,35.9048395
525,放課後児童クラブ,春野放課後児童クラブ,市民利用施設,保健福祉系施設,児童福祉施設,放課後児童クラブ,見沼区春野１丁目7番1,139.6679948,35.9556838
526,放課後児童クラブ,東大宮放課後児童クラブ,市民利用施設,保健福祉系施設,児童福祉施設,放課後児童クラブ,見沼区東大宮７丁目5番18,139.645493,35.9467591
527,放課後児童クラブ,与野八幡放課後児童クラブ,市民利用施設,保健福祉系施設,児童福祉施設,放課後児童クラブ,中央区本町東５丁目23番14,139.6218811,35.8905035
528,放課後児童クラブ,鈴谷放課後児童クラブ,市民利用施設,保健福祉系施設,児童福祉施設,放課後児童クラブ,中央区鈴谷５丁目1番1,139.6311672,35.8710612
529,放課後児童クラブ,大戸放課後児童クラブ,市民利用施設,保健福祉系施設,児童福祉施設,放課後児童クラブ,中央区新中里１丁目6番28,139.6354433,35.8725503
530,放課後児童クラブ,与野本町放課後児童クラブ,市民利用施設,保健福祉系施設,児童福祉施設,放課後児童クラブ,中央区本町東３丁目5番23,139.6233934,35.8840107
531,放課後児童クラブ,与野西北放課後児童クラブ,市民利用施設,保健福祉系施設,児童福祉施設,放課後児童クラブ,中央区円阿弥４丁目3番7,139.6075079,35.88721
532,放課後児童クラブ,下落合放課後児童クラブ,市民利用施設,保健福祉系施設,児童福祉施設,放課後児童クラブ,中央区上落合１丁目7番33,139.6318691,35.8899739
533,放課後児童クラブ,上落合放課後児童クラブ,市民利用施設,保健福祉系施設,児童福祉施設,放課後児童クラブ,中央区上落合４丁目14番24,139.6253201,35.8938249
534,放課後児童クラブ,与野南放課後児童クラブ,市民利用施設,保健福祉系施設,児童福祉施設,放課後児童クラブ,中央区大戸６丁目2番19,139.6348035,35.8671526
535,放課後児童クラブ,岸町放課後児童クラブ,市民利用施設,保健福祉系施設,児童福祉施設,放課後児童クラブ,浦和区岸町５丁目20番4,139.6508584,35.851378
536,放課後児童クラブ,神田放課後児童クラブ,市民利用施設,保健福祉系施設,児童福祉施設,放課後児童クラブ,桜区大字神田541番1,139.6068702,35.8749281
537,放課後児童クラブ,馬宮放課後児童クラブ,市民利用施設,保健福祉系施設,児童福祉施設,放課後児童クラブ,西区大字西遊馬533番1,139.5726979,35.9051354
538,放課後児童クラブ,大砂土放課後児童クラブ,市民利用施設,保健福祉系施設,児童福祉施設,放課後児童クラブ,北区本郷町17番7,139.6262295,35.9376549
539,放課後児童クラブ,栄放課後児童クラブ,市民利用施設,保健福祉系施設,児童福祉施設,放課後児童クラブ,西区大字指扇610番3,139.5819062,35.9076897
540,放課後児童クラブ,大久保放課後児童クラブ,市民利用施設,保健福祉系施設,児童福祉施設,放課後児童クラブ,桜区大字五関21番,139.5982639,35.8721424
541,放課後児童クラブ,中島放課後児童クラブ,市民利用施設,保健福祉系施設,児童福祉施設,放課後児童クラブ,桜区中島１丁目28番1,139.6233676,35.8648519
542,放課後児童クラブ,植水第二放課後児童クラブ,市民利用施設,保健福祉系施設,児童福祉施設,放課後児童クラブ,西区大字中野林225番3,139.5936994,35.8936735
543,放課後児童クラブ,城北放課後児童クラブ,市民利用施設,保健福祉系施設,児童福祉施設,放課後児童クラブ,岩槻区大字岩槻6619番,139.6933735,35.9620993
544,放課後児童クラブ,太田放課後児童クラブ,市民利用施設,保健福祉系施設,児童福祉施設,放課後児童クラブ,岩槻区仲町１丁目17番3,139.7038133,35.9483186
545,放課後児童クラブ,西原放課後児童クラブ,市民利用施設,保健福祉系施設,児童福祉施設,放課後児童クラブ,岩槻区西原4番97,139.68543,35.9520932
546,放課後児童クラブ,城南放課後児童クラブ,市民利用施設,保健福祉系施設,児童福祉施設,放課後児童クラブ,岩槻区大字南下新井1191番1,139.712631,35.9359332
547,放課後児童クラブ,岩槻放課後児童クラブ,市民利用施設,保健福祉系施設,児童福祉施設,放課後児童クラブ,岩槻区本町５丁目6番45,139.6985366,35.9536949
548,放課後児童クラブ,慈恩寺放課後児童クラブ,市民利用施設,保健福祉系施設,児童福祉施設,放課後児童クラブ,岩槻区大字慈恩寺259番,139.7077972,35.9816894
549,放課後児童クラブ,東岩槻放課後児童クラブ,市民利用施設,保健福祉系施設,児童福祉施設,放課後児童クラブ,岩槻区諏訪２丁目6番1,139.7097618,35.9701507
550,放課後児童クラブ,和土放課後児童クラブ,市民利用施設,保健福祉系施設,児童福祉施設,放課後児童クラブ,岩槻区大字黒谷1353番,139.7206831,35.9261999
551,放課後児童クラブ,徳力放課後児童クラブ,市民利用施設,保健福祉系施設,児童福祉施設,放課後児童クラブ,岩槻区大字徳力136番4,139.71679,35.9741002
552,放課後児童クラブ,柏崎放課後児童クラブ,市民利用施設,保健福祉系施設,児童福祉施設,放課後児童クラブ,岩槻区大字柏崎762番,139.7014645,35.9337231
553,放課後児童クラブ,上里放課後児童クラブ,市民利用施設,保健福祉系施設,児童福祉施設,放課後児童クラブ,岩槻区上里２丁目2番,139.7043168,35.9649266
554,放課後児童クラブ,新和放課後児童クラブ,市民利用施設,保健福祉系施設,児童福祉施設,放課後児童クラブ,岩槻区大字尾ヶ崎1252番,139.7324384,35.9105858
555,放課後児童クラブ,東宮下放課後児童クラブ,市民利用施設,保健福祉系施設,児童福祉施設,放課後児童クラブ,見沼区大字東宮下215番1,139.6776449,35.9259145
556,放課後児童クラブ,野田放課後児童クラブ,市民利用施設,保健福祉系施設,児童福祉施設,放課後児童クラブ,緑区大字上野田16番,139.7039468,35.9002313
557,放課後児童クラブ（民営）,指扇放課後児童クラブ,市民利用施設,保健福祉系施設,児童福祉施設,放課後児童クラブ（民営）,西区西大宮1丁目49番9,139.572988,35.921916
558,放課後児童クラブ（民営）,向放課後児童クラブ,市民利用施設,保健福祉系施設,児童福祉施設,放課後児童クラブ（民営）,南区大字大谷口5436番4,139.695927,35.858241
559,放課後児童クラブ（民営）,川通放課後児童クラブ,市民利用施設,保健福祉系施設,児童福祉施設,放課後児童クラブ（民営）,岩槻区大字大野島485番3,139.731231,35.941114
560,放課後児童クラブ（民営）,大宮別所放課後児童クラブ,市民利用施設,保健福祉系施設,児童福祉施設,放課後児童クラブ（民営）,北区別所町42番7,139.598306,35.954501
561,放課後児童クラブ（民営）,大砂土東放課後児童クラブ,市民利用施設,保健福祉系施設,児童福祉施設,放課後児童クラブ（民営）,見沼区大和田町２丁目998番,139.646053,35.937894
562,放課後児童クラブ（民営）,指扇北放課後児童クラブ,市民利用施設,保健福祉系施設,児童福祉施設,放課後児童クラブ（民営）,西区大字中釘1538番1,139.572036,35.932242
563,放課後児童クラブ（民営）,大宮南放課後児童クラブ,市民利用施設,保健福祉系施設,児童福祉施設,放課後児童クラブ（民営）,大宮区吉敷町３丁目95番,139.633512,35.899861
564,放課後児童クラブ（民営）,日進北放課後児童クラブ,市民利用施設,保健福祉系施設,児童福祉施設,放課後児童クラブ（民営）,北区日進町３丁目203番,139.603235,35.936179
565,放課後児童クラブ（民営）,大宮北放課後児童クラブ,市民利用施設,保健福祉系施設,児童福祉施設,放課後児童クラブ（民営）,大宮区宮町３丁目119番3,139.628468,35.911483
566,放課後児童クラブ（民営）,蓮沼放課後児童クラブ,市民利用施設,保健福祉系施設,児童福祉施設,放課後児童クラブ（民営）,見沼区大字風渡野373番5,139.661381,35.934781
567,放課後児童クラブ（民営）,河合放課後児童クラブ,市民利用施設,保健福祉系施設,児童福祉施設,放課後児童クラブ（民営）,岩槻区大字平林寺371番4,139.671926,35.967769
568,放課後児童クラブ（民営）,蓮沼第２放課後児童クラブ,市民利用施設,保健福祉系施設,児童福祉施設,放課後児童クラブ（民営）,見沼区大字蓮沼1025番3,139.656235,35.934431
569,放課後児童クラブ（民営）,植竹第二放課後児童クラブ,市民利用施設,保健福祉系施設,児童福祉施設,放課後児童クラブ（民営）,北区植竹町１丁目593番2,139.624615,35.927847
570,放課後児童クラブ（民営）,仲本放課後児童クラブ,市民利用施設,保健福祉系施設,児童福祉施設,放課後児童クラブ（民営）,浦和区本太２丁目12番2,139.661483,35.860504
571,放課後児童クラブ（民営）,つばさ放課後児童クラブ,市民利用施設,保健福祉系施設,児童福祉施設,放課後児童クラブ（民営）,北区宮原町３丁目902番4,139.609633,35.933281
572,放課後児童クラブ（民営）,大成放課後児童クラブ,市民利用施設,保健福祉系施設,児童福祉施設,放課後児童クラブ（民営）,大宮区大成町２丁目282番,139.613589,35.91488
573,放課後児童クラブ（民営）,日進放課後児童クラブ,市民利用施設,保健福祉系施設,児童福祉施設,放課後児童クラブ（民営）,北区日進町２丁目911番,139.607531,35.9252
574,放課後児童クラブ（民営）,片柳放課後児童クラブ,市民利用施設,保健福祉系施設,児童福祉施設,放課後児童クラブ（民営）,見沼区大字東新井244番1,139.670219,35.910775
575,放課後児童クラブ（民営）,辻南放課後児童クラブ,市民利用施設,保健福祉系施設,児童福祉施設,放課後児童クラブ（民営）,南区辻８丁目7番32,139.665727,35.831598
576,放課後児童クラブ（民営）,美園放課後児童クラブ,市民利用施設,保健福祉系施設,児童福祉施設,放課後児童クラブ（民営）,緑区美園５丁目33番地,139.73499,35.890721
577,放課後児童クラブ（民営）,桜木放課後児童クラブ,市民利用施設,保健福祉系施設,児童福祉施設,放課後児童クラブ（民営）,大宮区桜木町４丁目328番1,139.616953,35.902723
578,放課後児童クラブ（民営）,大宮西放課後児童クラブ,市民利用施設,保健福祉系施設,児童福祉施設,放課後児童クラブ（民営）,西区三橋６丁目382番1,139.585798,35.913049
579,放課後児童クラブ（民営）,馬宮西放課後児童クラブ,市民利用施設,保健福祉系施設,児童福祉施設,放課後児童クラブ（民営）,西区飯田新田189-2,139.55935454,35.88620463
580,放課後児童クラブ（民営）,大成第二放課後児童クラブ,市民利用施設,保健福祉系施設,児童福祉施設,放課後児童クラブ（民営）,大宮区大成町2-282,139.61358011,35.91494591
581,放課後児童クラブ（民営）,大宮第二放課後児童クラブ,市民利用施設,保健福祉系施設,児童福祉施設,放課後児童クラブ（民営）,大宮区大門町3-3,139.630054,35.90662267
582,放課後児童クラブ（民営）,美園北放課後児童クラブ,市民利用施設,保健福祉系施設,児童福祉施設,放課後児童クラブ（民営）,緑区美園2-12-11,139.72349826,35.90136963
583,放課後児童クラブ（民営）,尾間木放課後児童クラブ,市民利用施設,保健福祉系施設,児童福祉施設,放課後児童クラブ（民営）,緑区東浦和8‐11‐5,139.69658808,35.86899775
584,放課後児童クラブ（民営）,すみれ放課後児童クラブ,市民利用施設,保健福祉系施設,児童福祉施設,放課後児童クラブ（民営）,中央区本町東5-17-25,139.62038837,35.89049969
586,児童福祉施設その他,児童養護施設カルテット,市民利用施設,保健福祉系施設,児童福祉施設,児童養護施設,桜区大字下大久保字五反田1542番4,139.601033,35.858206
588,児童福祉施設その他,子ども家庭総合センター,市民利用施設,保健福祉系施設,児童福祉施設,子ども総合センター,浦和区上木崎４丁目4番10号,139.643931,35.885712
589,庁舎等,さいたま市役所,行政施設,行政系施設,庁舎等・その他施設,本庁舎,浦和区常盤６丁目4番4,139.645496,35.861648
590,庁舎等,ときわ会館,行政施設,行政系施設,庁舎等・その他施設,本庁舎,浦和区常盤６丁目4番21,139.64414,35.86174
591,庁舎等,西区役所,行政施設,行政系施設,庁舎等・その他施設,区役所,西区西大宮３丁目4番地2,139.579655,35.925224
592,庁舎等,北区役所,行政施設,行政系施設,庁舎等・その他施設,区役所,北区宮原町１丁目852番1,139.620229,35.93151
593,庁舎等,旧大宮区役所,行政施設,行政系施設,庁舎等・その他施設,区役所,大宮区大門町３丁目1番,139.629093,35.906381
594,庁舎等,大宮区役所,行政施設,行政系施設,庁舎等・その他施設,区役所,大宮区吉敷町１丁目124番地１,139.630439,35.901754
595,庁舎等,見沼区役所,行政施設,行政系施設,庁舎等・その他施設,区役所,見沼区堀崎町12番36,139.655026,35.935483
596,庁舎等,中央区役所,行政施設,行政系施設,庁舎等・その他施設,区役所,中央区下落合５丁目7番10号,139.626177,35.883964
597,庁舎等,桜区役所,行政施設,行政系施設,庁舎等・その他施設,区役所,桜区道場４丁目3番1,139.610229,35.856053
598,庁舎等,浦和区役所,行政施設,行政系施設,庁舎等・その他施設,区役所,浦和区常盤６丁目4番4,139.645496,35.861648
599,庁舎等,南区役所,行政施設,行政系施設,庁舎等・その他施設,区役所,南区別所７丁目20番1,139.645361,35.845312
600,庁舎等,緑区役所,行政施設,行政系施設,庁舎等・その他施設,区役所,緑区大字中尾975番1,139.684053,35.871095
601,庁舎等,岩槻区役所,行政施設,行政系施設,庁舎等・その他施設,区役所,岩槻区本町３丁目2番5,139.694396,35.949908
602,庁舎等,馬宮支所,行政施設,行政系施設,庁舎等・その他施設,支所,西区大字西遊馬236番2,139.573128,35.90365
603,庁舎等,植水支所,行政施設,行政系施設,庁舎等・その他施設,支所,西区大字中野林173番地2,139.591685,35.893938
604,庁舎等,三橋支所,行政施設,行政系施設,庁舎等・その他施設,支所,西区三橋６丁目642番4,139.591937,35.917659
605,庁舎等,日進支所,行政施設,行政系施設,庁舎等・その他施設,支所,北区日進町２丁目965番地,139.606011,35.924416
606,庁舎等,宮原支所,行政施設,行政系施設,庁舎等・その他施設,支所,北区宮原町３丁目824番2,139.609699,35.940644
607,庁舎等,大宮駅支所,行政施設,行政系施設,庁舎等・その他施設,支所,大宮区錦町630番,139.62255,35.90704
608,庁舎等,片柳支所,行政施設,行政系施設,庁舎等・その他施設,支所,見沼区大字東新井117番2,139.670831,35.909734
609,庁舎等,七里支所,行政施設,行政系施設,庁舎等・その他施設,支所,見沼区大字東門前379番地1,139.672494,35.932817
610,庁舎等,春岡支所,行政施設,行政系施設,庁舎等・その他施設,支所,見沼区深作１丁目5番地１,139.664369,35.950796
611,庁舎等,東大宮支所,行政施設,行政系施設,庁舎等・その他施設,支所,見沼区東大宮４丁目31番1,139.637355,35.949533
612,庁舎等,土合支所,行政施設,行政系施設,庁舎等・その他施設,支所,桜区西堀４丁目2番35,139.627784,35.85179
613,庁舎等,大久保支所,行政施設,行政系施設,庁舎等・その他施設,支所,桜区大字五関839番地2,139.597827,35.870238
614,庁舎等,谷田支所,行政施設,行政系施設,庁舎等・その他施設,支所,南区大字太田窪1277番地1,139.675915,35.859815
615,庁舎等,三室支所,行政施設,行政系施設,庁舎等・その他施設,支所,緑区大字三室1946番地5,139.681575,35.883143
616,庁舎等,美園支所,行政施設,行政系施設,庁舎等・その他施設,支所,緑区美園４丁目１９番地１,139.72739,35.89497
617,庁舎等,東岩槻支所,行政施設,行政系施設,庁舎等・その他施設,支所,岩槻区東岩槻６丁目6番,139.716358,35.96204
618,庁舎等,西浦和駅市民の窓口,行政施設,行政系施設,庁舎等・その他施設,市民の窓口,桜区田島５丁目9番15,139.627384,35.843783
619,庁舎等,浦和駅市民の窓口,行政施設,行政系施設,庁舎等・その他施設,市民の窓口,浦和区高砂１丁目16番12,139.657017,35.85941
620,庁舎等,北浦和駅市民の窓口,行政施設,行政系施設,庁舎等・その他施設,市民の窓口,浦和区北浦和３丁目3番1,139.645951,35.872566
621,庁舎等,与野駅市民の窓口,行政施設,行政系施設,庁舎等・その他施設,市民の窓口,浦和区上木崎２丁目2番2,139.639783,35.885782
622,庁舎等,南浦和駅市民の窓口,行政施設,行政系施設,庁舎等・その他施設,市民の窓口,南区南浦和２丁目37番1号,139.669363,35.846936
623,庁舎等,東浦和駅市民の窓口,行政施設,行政系施設,庁舎等・その他施設,市民の窓口,緑区東浦和４丁目1番16,139.703443,35.866254
624,庁舎等,原山市民の窓口,行政施設,行政系施設,庁舎等・その他施設,市民の窓口,緑区原山２丁目33番7,139.668335,35.872078
625,庁舎等,山崎市民の窓口,行政施設,行政系施設,庁舎等・その他施設,市民の窓口,緑区大字三室223番8,139.667601,35.889809
626,庁舎等,府内市民の窓口,行政施設,行政系施設,庁舎等・その他施設,市民の窓口,岩槻区府内１丁目8番1,139.710875,35.943826
627,庁舎等その他,東京事務所,行政施設,行政系施設,庁舎等・その他施設,事務所・事業所等,東京都千代田区平河町2丁目4番1号,139.738802,35.681159
628,庁舎等その他,文書庫,行政施設,行政系施設,庁舎等・その他施設,事務所・事業所等,岩槻区仲町１丁目17番3,139.703998,35.948032
629,庁舎等その他,職員研修センター,行政施設,行政系施設,庁舎等・その他施設,事務所・事業所等,見沼区堀崎町48番1,139.657047,35.934856
630,庁舎等その他,大宮災害対策庫,行政施設,行政系施設,庁舎等・その他施設,事務所・事業所等,北区本郷町286番,139.630513,35.939118
631,庁舎等その他,与野災害対策庫,行政施設,行政系施設,庁舎等・その他施設,事務所・事業所等,中央区鈴谷８丁目295番3,139.624946,35.877726
632,庁舎等その他,消費生活総合センター,行政施設,行政系施設,庁舎等・その他施設,事務所・事業所等,大宮区錦町682番2,139.621641,35.908119
633,庁舎等その他,浦和消費生活センター,行政施設,行政系施設,庁舎等・その他施設,事務所・事業所等,浦和区東高砂町11番1,139.659134,35.858694
634,庁舎等その他,岩槻消費生活センター,行政施設,行政系施設,庁舎等・その他施設,事務所・事業所等,岩槻区本町３丁目2番5,139.694396,35.949908
635,庁舎等その他,食肉衛生検査所,行政施設,行政系施設,庁舎等・その他施設,事務所・事業所等,中央区上落合５丁目14番21,139.627163,35.897191
636,庁舎等その他,保健所,行政施設,行政系施設,庁舎等・その他施設,事務所・事業所等,中央区鈴谷７丁目5番12,139.624316,35.873549
637,庁舎等その他,健康科学研究センター,行政施設,行政系施設,庁舎等・その他施設,事務所・事業所等,中央区鈴谷７丁目5番12,139.624316,35.873549
638,庁舎等その他,食肉中央卸売市場,行政施設,行政系施設,庁舎等・その他施設,事務所・事業所等,大宮区吉敷町２丁目23番,139.627538,35.898227
639,庁舎等その他,国際交流センター,行政施設,行政系施設,庁舎等・その他施設,事務所・事業所等,浦和区東高砂町11番1,139.659134,35.858694
640,庁舎等その他,道路維持課分室（車両対策事務所・倉庫）,行政施設,行政系施設,庁舎等・その他施設,事務所・事業所等,北区本郷町1872番,139.629828,35.946583
641,庁舎等その他,道路維持課分室,行政施設,行政系施設,庁舎等・その他施設,事務所・事業所等,桜区田島８丁目20番1,139.623548,35.842142
642,庁舎等その他,組合区画整理事業推進事務所,行政施設,行政系施設,庁舎等・その他施設,事務所・事業所等,中央区下落合２丁目18番6,139.632102,35.883637
643,庁舎等その他,浦和東部まちづくり事務所,行政施設,行政系施設,庁舎等・その他施設,事務所・事業所等,緑区大字大門2564番地6,139.727052,35.883949
644,庁舎等その他,東浦和まちづくり事務所,行政施設,行政系施設,庁舎等・その他施設,事務所・事業所等,緑区東浦和８丁目19番1,139.695272,35.867481
645,庁舎等その他,浦和西部まちづくり事務所,行政施設,行政系施設,庁舎等・その他施設,事務所・事業所等,南区鹿手袋３丁目11番1号,139.639955,35.850444
646,庁舎等その他,浦和駅周辺まちづくり事務所,行政施設,行政系施設,庁舎等・その他施設,事務所・事業所等,浦和区東高砂町25番2,139.661497,35.858779
647,庁舎等その他,岩槻まちづくり事務所,行政施設,行政系施設,庁舎等・その他施設,事務所・事業所等,岩槻区本町３丁目2番5,139.69439633,35.94990781
648,庁舎等その他,旧中央区役所保健センター,行政施設,行政系施設,庁舎等・その他施設,事務所・事業所等,中央区本町東４丁目4番3,139.622758,35.885539
649,庁舎等その他,浦和区役所保健センター,行政施設,行政系施設,庁舎等・その他施設,事務所・事業所等,浦和区常盤６丁目4番18,139.644162,35.861223
650,庁舎等その他,府内別館,行政施設,行政系施設,庁舎等・その他施設,事務所・事業所等,岩槻区府内１丁目8番1,139.710871,35.94383
651,庁舎等その他,岩槻区役所（事務所（第４別館））,行政施設,行政系施設,庁舎等・その他施設,事務所・事業所等,岩槻区本町１丁目8番21,139.691484,35.948098
652,庁舎等その他,浦和駅観光案内所,行政施設,行政系施設,庁舎等・その他施設,事務所・事業所等,浦和区高砂１丁目16番12,139.657365,35.858427
653,庁舎等その他,美園備蓄倉庫,行政施設,行政系施設,庁舎等・その他施設,事務所・事業所等,緑区美園４丁目19番地1,139.72762,35.895137
654,庁舎等その他,大宮駅西口まちづくり事務所,行政施設,行政系施設,庁舎等・その他施設,事務所・事業所等,大宮区錦町682番2,139.621641,35.908119
655,庁舎等その他,総務課分室,行政施設,行政系施設,庁舎等・その他施設,事務所・事業所等,中央区下落合６丁目10番3,139.62655481,35.88277559
656,庁舎等その他,浦和美園駅西口連絡階段,行政施設,行政系施設,庁舎等・その他施設,事務所・事業所等,緑区大字下野田字宿畑90番2,139.727307,35.890769
657,庁舎等その他,浦和美園駅東口連絡階段,行政施設,行政系施設,庁舎等・その他施設,事務所・事業所等,緑区大字大門字宮下3730番2,139.725667,35.885693
658,庁舎等その他,日進・指扇周辺まちづくり事務所,行政施設,行政系施設,庁舎等・その他施設,事務所・事業所等,北区日進町２丁目1864番10,139.609855,35.932884
659,庁舎等その他,岩槻駅東西自由通路（案内所分）,行政施設,行政系施設,庁舎等・その他施設,事務所・事業所等,岩槻区本町1丁目1番１号,139.693074,35.950089
660,庁舎等その他,広域拠点備蓄倉庫,行政施設,行政系施設,庁舎等・その他施設,事務所・事業所等,北区宮原町２丁目１２５－２２,139.61952,35.94262
661,教育施設,教育研究所,行政施設,行政系施設,教育施設,教育研究所,浦和区岸町６丁目13番15,139.650059,35.853807
662,教育施設,総合教育相談室（美園教育相談室）,行政施設,行政系施設,教育施設,教育相談室,緑区美園４丁目１９番１,139.72739,35.89497
663,教育施設,特別支援教育相談センターひまわり,行政施設,行政系施設,教育施設,教育相談室,西区三橋６丁目1587番,139.590021,35.920825
664,教育施設,特別支援教育相談センターさくら草,行政施設,行政系施設,教育施設,教育相談室,緑区大字三室636番80,139.67484504,35.89110591
665,教育施設,北教育相談室,行政施設,行政系施設,教育施設,教育相談室,北区日進町２丁目1915番1,139.609636,35.933279
666,教育施設,堀崎教育相談室,行政施設,行政系施設,教育施設,教育相談室,見沼区堀崎町48番1,139.657434,35.934434
667,教育施設,岸町教育相談室,行政施設,行政系施設,教育施設,教育相談室,浦和区岸町６丁目13番15,139.650059,35.853807
668,教育施設,岩槻教育相談室,行政施設,行政系施設,教育施設,教育相談室,岩槻区本町３丁目2番5,139.694396,35.949908
669,教育施設,旧岩槻学校給食センター,行政施設,行政系施設,教育施設,学校給食センター,岩槻区大字平林寺373番地2,139.672355,35.96859
670,教育施設,旧鈴谷学校給食センター,行政施設,行政系施設,教育施設,学校給食センター,中央区鈴谷５丁目1番1号,139.631392,35.871053
671,教育施設,学校給食センター,行政施設,行政系施設,教育施設,学校給食センター,中央区本町西６丁目3番1号,139.614058,35.892499
672,消防施設,防災センター庁舎・大宮消防署,行政施設,行政系施設,消防施設,消防庁舎,大宮区天沼町１丁目893番,139.6475,35.907378
673,消防施設,消防局庁舎・浦和消防署,行政施設,行政系施設,消防施設,消防庁舎,浦和区常盤６丁目1番28,139.646234,35.862001
674,消防施設,西消防署,行政施設,行政系施設,消防施設,消防署,西区西大宮３丁目48番地,139.580452,35.929498
675,消防施設,北消防署,行政施設,行政系施設,消防施設,消防署,北区宮原町４丁目66番14,139.610907,35.947315
676,消防施設,見沼消防署,行政施設,行政系施設,消防施設,消防署,見沼区大字片柳１０８７－１,139.661366,35.956031
677,消防施設,中央消防署,行政施設,行政系施設,消防施設,消防署,中央区下落合５丁目7番18,139.626294,35.883273
678,消防施設,桜消防署,行政施設,行政系施設,消防施設,消防署,桜区田島４丁目23番7,139.628923,35.850399
679,消防施設,南消防署,行政施設,行政系施設,消防施設,消防署,南区根岸３丁目10番7,139.662348,35.839765
680,消防施設,緑消防署,行政施設,行政系施設,消防施設,消防署,緑区大字大間木472番,139.693833,35.87428
681,消防施設,(旧)岩槻消防署,行政施設,行政系施設,消防施設,消防署,岩槻区城南１丁目2番3,139.700982,35.94227
682,消防施設,岩槻消防署,行政施設,行政系施設,消防施設,消防署,岩槻区大字岩槻5064番1,139.68326,35.95604
683,消防施設,西消防署西遊馬出張所,行政施設,行政系施設,消防施設,出張所,西区大字西遊馬307番1,139.575531,35.903572
684,消防施設,北消防署植竹出張所,行政施設,行政系施設,消防施設,出張所,北区植竹町１丁目820番1,139.619968,35.929907
685,消防施設,大宮消防署氷川参道出張所,行政施設,行政系施設,消防施設,出張所,大宮区吉敷町１丁目136番1,139.63109,35.90146
686,消防施設,大宮消防署大成出張所,行政施設,行政系施設,消防施設,出張所,大宮区大成町１丁目226番,139.615361,35.909927
687,消防施設,見沼消防署蓮沼出張所,行政施設,行政系施設,消防施設,出張所,見沼区大字蓮沼267番,139.658074,35.925079
688,消防施設,見沼消防署東大宮出張所,行政施設,行政系施設,消防施設,出張所,見沼区東大宮４丁目31番1,139.637355,35.949533
689,消防施設,見沼消防署春野出張所,行政施設,行政系施設,消防施設,出張所,見沼区春野２丁目6番1,139.661367,35.956031
690,消防施設,桜消防署大久保出張所,行政施設,行政系施設,消防施設,出張所,桜区大字五関762番2,139.596919,35.86748
691,消防施設,桜消防署西浦和出張所,行政施設,行政系施設,消防施設,出張所,桜区田島７丁目17番10,139.626751,35.83887
692,消防施設,浦和消防署木崎出張所,行政施設,行政系施設,消防施設,出張所,浦和区領家４丁目21番20,139.653983,35.882193
693,消防施設,浦和消防署　日の出出張所,行政施設,行政系施設,消防施設,出張所,浦和区東岸町8番10,139.662178,35.854294
694,消防施設,南消防署東浦和出張所,行政施設,行政系施設,消防施設,出張所,南区大字大谷口5668番,139.692758,35.855308
695,消防施設,緑消防署美園出張所,行政施設,行政系施設,消防施設,出張所,緑区大字玄蕃新田597番1,139.716016,35.889115
696,消防施設,岩槻消防署太田出張所,行政施設,行政系施設,消防施設,出張所,岩槻区太田１丁目2番11,139.704592,35.953222
697,消防施設,岩槻消防署上野出張所,行政施設,行政系施設,消防施設,出張所,岩槻区上野４丁目6番21,139.6959,35.973896
698,消防施設,岩槻消防署笹久保出張所,行政施設,行政系施設,消防施設,出張所,岩槻区大字笹久保1328番,139.71547,35.915599
699,消防施設,さいたま市消防団指扇分団車庫,行政施設,行政系施設,消防施設,消防分団車庫,西区大字高木341番15,139.571325,35.925382
700,消防施設,さいたま市消防団馬宮分団車庫,行政施設,行政系施設,消防施設,消防分団車庫,西区大字西遊馬235番1,139.572733,35.904132
701,消防施設,さいたま市消防団植水分団車庫,行政施設,行政系施設,消防施設,消防分団車庫,西区大字植田谷本572番4,139.593391,35.892999
702,消防施設,さいたま市消防団日進分団車庫,行政施設,行政系施設,消防施設,消防分団車庫,北区日進町２丁目1195番4,139.605294,35.927549
703,消防施設,さいたま市消防団宮原分団車庫,行政施設,行政系施設,消防施設,消防分団車庫,北区宮原町２丁目27番11,139.610688,35.94248
704,消防施設,さいたま市消防団大砂土分団車庫,行政施設,行政系施設,消防施設,消防分団車庫,北区本郷町1122番1,139.626114,35.944164
705,消防施設,さいたま市消防団中央分団車庫,行政施設,行政系施設,消防施設,消防分団車庫,大宮区下町２丁目46番2,139.628887,35.903606
706,消防施設,さいたま市消防団宮町分団車庫,行政施設,行政系施設,消防施設,消防分団車庫,大宮区宮町３丁目113番1,139.628606,35.911022
707,消防施設,さいたま市消防団東部分団車庫,行政施設,行政系施設,消防施設,消防分団車庫,大宮区堀の内町１丁目130番5,139.634295,35.908564
708,消防施設,さいたま市消防団北部分団車庫,行政施設,行政系施設,消防施設,消防分団車庫,大宮区寿能町１丁目23番2,139.632115,35.922479
709,消防施設,さいたま市消防団桜木分団車庫,行政施設,行政系施設,消防施設,消防分団車庫,大宮区桜木町４丁目423番1,139.619438,35.89986
710,消防施設,さいたま市消防団三橋分団車庫,行政施設,行政系施設,消防施設,消防分団車庫,大宮区三橋２丁目59番,139.60423,35.902832
711,消防施設,さいたま市消防団大成分団車庫,行政施設,行政系施設,消防施設,消防分団車庫,大宮区大成町３丁目241番2,139.617014,35.918451
712,消防施設,東大宮分団車庫,行政施設,行政系施設,消防施設,消防分団車庫,さいたま都市計画事業島町西部土地区画整理事業13街区23画地,139.64999477911,35.9466618135499
713,消防施設,さいたま市消防団大砂土東分団車庫,行政施設,行政系施設,消防施設,消防分団車庫,見沼区大和田町１丁目445番,139.646641,35.926376
714,消防施設,さいたま市消防団片柳分団車庫,行政施設,行政系施設,消防施設,消防分団車庫,見沼区大字南中野782番1,139.662396,35.909706
715,消防施設,片柳分団第２車庫,行政施設,行政系施設,消防施設,消防分団車庫,大字片柳字原山1193番1,139.686683,35.904558
716,消防施設,さいたま市消防団七里分団車庫,行政施設,行政系施設,消防施設,消防分団車庫,見沼区大字新堤286番1,139.67703,35.927165
717,消防施設,さいたま市消防団春岡分団車庫,行政施設,行政系施設,消防施設,消防分団車庫,見沼区深作１丁目13番7,139.665933,35.950157
718,消防施設,さいたま市消防団本町分団車庫,行政施設,行政系施設,消防施設,消防分団車庫,中央区本町西３丁目7番13,139.615711,35.885978
719,消防施設,さいたま市消防団上落合分団車庫,行政施設,行政系施設,消防施設,消防分団車庫,中央区上落合７丁目1番14,139.625821,35.897132
720,消防施設,下落合分団車庫,行政施設,行政系施設,消防施設,消防分団車庫,中央区下落合７丁目12番27,139.632857,35.881484
721,消防施設,さいたま市消防団大戸分団車庫,行政施設,行政系施設,消防施設,消防分団車庫,中央区大戸３丁目15番13,139.637796,35.865761
722,消防施設,さいたま市消防団南分団車庫,行政施設,行政系施設,消防施設,消防分団車庫,中央区鈴谷５丁目5番26,139.628827,35.873216
723,消防施設,さいたま市消防団西分団車庫,行政施設,行政系施設,消防施設,消防分団車庫,中央区八王子２丁目7番2,139.610646,35.882731
724,消防施設,さいたま市消防団土合第１分団車庫,行政施設,行政系施設,消防施設,消防分団車庫,桜区西堀５丁目5番2,139.626831,35.856587
725,消防施設,さいたま市消防団土合第２分団車庫,行政施設,行政系施設,消防施設,消防分団車庫,桜区田島３丁目8番16,139.631564,35.848682
726,消防施設,さいたま市消防団土合第３分団車庫,行政施設,行政系施設,消防施設,消防分団車庫,桜区栄和１丁目11番21,139.616424,35.861956
727,消防施設,さいたま市消防団大久保第１分団車庫,行政施設,行政系施設,消防施設,消防分団車庫,桜区大字五関140番1,139.598494,35.870427
728,消防施設,さいたま市消防団大久保第２分団車庫,行政施設,行政系施設,消防施設,消防分団車庫,桜区大字上大久保140番11,139.607907,35.865778
729,消防施設,さいたま市消防団岸分団車庫,行政施設,行政系施設,消防施設,消防分団車庫,浦和区岸町４丁目23番10,139.655445,35.854932
730,消防施設,高砂分団車庫,行政施設,行政系施設,消防施設,消防分団車庫,浦和区高砂３丁目1番20,139.652468,35.858293
731,消防施設,さいたま市消防団仲町分団車庫,行政施設,行政系施設,消防施設,消防分団車庫,浦和区仲町２丁目6番3,139.652525,35.86123
732,消防施設,さいたま市消防団常盤分団車庫敷地,行政施設,行政系施設,消防施設,消防分団車庫,浦和区常盤５丁目8番16,139.64892,35.865987
733,消防施設,さいたま市消防団北浦和分団車庫,行政施設,行政系施設,消防施設,消防分団車庫,浦和区北浦和３丁目17番15,139.644702,35.876408
734,消防施設,さいたま市消防団本太分団車庫,行政施設,行政系施設,消防施設,消防分団車庫,浦和区本太５丁目10番11,139.660116,35.867212
735,消防施設,さいたま市消防団上木崎分団車庫,行政施設,行政系施設,消防施設,消防分団車庫,浦和区上木崎４丁目1番13,139.642935,35.886072
736,消防施設,さいたま市消防団木崎分団車庫,行政施設,行政系施設,消防施設,消防分団車庫,浦和区瀬ヶ崎２丁目8番10,139.658416,35.879846
737,消防施設,さいたま市消防団大谷場分団車庫,行政施設,行政系施設,消防施設,消防分団車庫,南区南浦和２丁目17番2,139.670941,35.850647
738,消防施設,さいたま市消防団白幡分団車庫,行政施設,行政系施設,消防施設,消防分団車庫,南区白幡２丁目16番10,139.652912,35.847703
739,消防施設,さいたま市消防団六辻第１分団車庫,行政施設,行政系施設,消防施設,消防分団車庫,南区根岸４丁目16番9,139.659051,35.843178
740,消防施設,さいたま市消防団六辻第２分団車庫,行政施設,行政系施設,消防施設,消防分団車庫,南区辻２丁目13番10,139.661442,35.833315
741,消防施設,さいたま市消防団別所分団車庫,行政施設,行政系施設,消防施設,消防分団車庫,南区別所３丁目7番7,139.646546,35.852207
742,消防施設,さいたま市消防団谷田第２分団車庫,行政施設,行政系施設,消防施設,消防分団車庫,南区大字広ヶ谷戸7番1,139.683936,35.863555
743,消防施設,さいたま市消防団西浦和分団車庫,行政施設,行政系施設,消防施設,消防分団車庫,南区曲本３丁目8番10,139.639428,35.835615
744,消防施設,谷田第１分団車庫,行政施設,行政系施設,消防施設,消防分団車庫,緑区太田窪１丁目27番14号,139.669829,35.865141
745,消防施設,さいたま市消防団三室第１分団車庫,行政施設,行政系施設,消防施設,消防分団車庫,緑区松木１丁目4番16,139.6845,35.883987
746,消防施設,さいたま市消防団三室第２分団車庫,行政施設,行政系施設,消防施設,消防分団車庫,緑区道祖土２丁目12番17,139.672034,35.880107
747,消防施設,さいたま市消防団尾間木第１分団車庫,行政施設,行政系施設,消防施設,消防分団車庫,緑区大字中尾1410番1,139.686611,35.87247
748,消防施設,さいたま市消防団尾間木第２分団車庫,行政施設,行政系施設,消防施設,消防分団車庫,緑区東浦和５丁目20番1,139.704587,35.867076
749,消防施設,さいたま市消防団美園第１分団車庫,行政施設,行政系施設,消防施設,消防分団車庫,緑区大字代山116番,139.704364,35.901241
750,消防施設,さいたま市消防団美園第２分団車庫,行政施設,行政系施設,消防施設,消防分団車庫,緑区大字南部領辻3212番2,139.711183,35.895289
751,消防施設,さいたま市消防団美園第３分団車庫,行政施設,行政系施設,消防施設,消防分団車庫,緑区大字大門2865番4,139.729543,35.88472
752,消防施設,さいたま市消防団岩槻第1分団車庫,行政施設,行政系施設,消防施設,消防分団車庫,岩槻区本町４丁目2番36,139.696391,35.948809
753,消防施設,さいたま市消防団岩槻第2分団車庫,行政施設,行政系施設,消防施設,消防分団車庫,岩槻区宮町１丁目4番1,139.697962,35.956585
754,消防施設,さいたま市消防団岩槻第3分団車庫,行政施設,行政系施設,消防施設,消防分団車庫,岩槻区仲町１丁目14番28,139.704448,35.949122
755,消防施設,さいたま市消防団川通分団車庫,行政施設,行政系施設,消防施設,消防分団車庫,岩槻区大字大口258番1,139.739697,35.941352
756,消防施設,さいたま市消防団和土分団車庫,行政施設,行政系施設,消防施設,消防分団車庫,岩槻区大字黒谷1467番3,139.718183,35.925317
757,消防施設,さいたま市消防団柏崎分団車庫,行政施設,行政系施設,消防施設,消防分団車庫,岩槻区大字柏崎754番1,139.702422,35.933353
758,消防施設,さいたま市消防団新和第1分団車庫,行政施設,行政系施設,消防施設,消防分団車庫,岩槻区大字野孫738番1,139.737599,35.914615
759,消防施設,さいたま市消防団新和第2分団車庫,行政施設,行政系施設,消防施設,消防分団車庫,岩槻区大字釣上553番2,139.741617,35.897081
760,消防施設,さいたま市消防団慈恩寺第１分団車庫,行政施設,行政系施設,消防施設,消防分団車庫,岩槻区大字慈恩寺259番1,139.708854,35.9813
761,消防施設,さいたま市消防団慈恩寺第2分団車庫,行政施設,行政系施設,消防施設,消防分団車庫,岩槻区大字表慈恩寺1505番2,139.701724,35.97326
762,消防施設,さいたま市消防団河合分団車庫,行政施設,行政系施設,消防施設,消防分団車庫,岩槻区大字平林寺428番1,139.672241,35.965918
763,消防施設,さいたま市消防団馬宮西分団車庫,行政施設,行政系施設,消防施設,消防分団車庫,西区大字飯田新田字荒工250-15,139.556431,35.88688
764,消防施設,消防局本太資機材倉庫,行政施設,行政系施設,消防施設,消防施設系その他施設,浦和区本太５丁目10番11,139.660116,35.867212
765,環境施設,岩槻環境センター,行政施設,行政系施設,環境施設,環境センター,岩槻区大字笹久保1339番,139.714413,35.917293
766,環境施設,クリーンセンター大崎,行政施設,行政系施設,環境施設,環境センター,緑区大字大崎317番,139.712703,35.880163
767,環境施設,西部環境センター敷地,行政施設,行政系施設,環境施設,環境センター,西区大字宝来52番1,139.55289,35.934047
768,環境施設,東部環境センター,行政施設,行政系施設,環境施設,環境センター,見沼区大字膝子６２６番地１,139.687801,35.927735
769,環境施設,桜環境センター,行政施設,行政系施設,環境施設,環境センター,桜区新開４丁目2番1号,139.618334,35.844067
770,環境施設,大宮南部浄化センター,行政施設,行政系施設,環境施設,衛生センター,見沼区大字上山口新田508番1,139.649008,35.900752
771,環境施設,クリーンセンター西堀,行政施設,行政系施設,環境施設,衛生センター,桜区新開４丁目1番1号,139.618302,35.8432
772,環境施設,南下新井汚水処理場,行政施設,行政系施設,環境施設,し尿処理場,岩槻区大字黒谷643番地,139.727538,35.925233
773,環境施設,鈴谷清掃工場,行政施設,行政系施設,環境施設,リサイクルセンター,中央区鈴谷１丁目510番,139.632122,35.866428
774,環境施設,環境広場,行政施設,行政系施設,環境施設,処分場,見沼区大字大谷483番1,139.681441,35.921411
775,環境施設,うらわフェニックス,行政施設,行政系施設,環境施設,処分場,緑区大字間宮741番1,139.71928,35.88526
776,環境施設,高木第二最終処分場,行政施設,行政系施設,環境施設,処分場,西区西大宮4丁目25番2,139.577513,35.930862
777,環境施設,間宮埋立完了地,行政施設,行政系施設,環境施設,処分場,緑区大字間宮字氷川下38番,139.726806,35.878059
779,環境施設,東清掃事務所,行政施設,行政系施設,環境施設,清掃事務所,見沼区大字新堤272番1,139.676644,35.926282
780,環境施設,西清掃事務所,行政施設,行政系施設,環境施設,清掃事務所,西区大字宝来52番1,139.55289,35.934047
781,公衆便所,指扇駅南口公衆トイレ,行政施設,行政系施設,公衆便所,公衆便所,西区大字宝来1716,139.56508,35.916996
782,公衆便所,指扇駅北口公衆トイレ,行政施設,行政系施設,公衆便所,公衆便所,西区大字宝来1716,139.5651,35.917364
783,公衆便所,国昌寺公衆便所,行政施設,行政系施設,公衆便所,公衆便所,緑区大字大崎2378番,139.704874,35.891297
784,公衆便所,西福寺公衆便所,行政施設,行政系施設,公衆便所,公衆便所,見沼区大字大谷935番,139.6817,35.91863
785,公衆便所,宮原駅東口公衆トイレ,行政施設,行政系施設,公衆便所,公衆便所,北区宮原町3丁目822番1,139.609758,35.939995
786,公衆便所,大門町公衆トイレ,行政施設,行政系施設,公衆便所,公衆便所,大宮区大門町3丁目22番26,139.630729,35.907215
787,公衆便所,東大宮駅東口公衆トイレ,行政施設,行政系施設,公衆便所,公衆便所,見沼区東大宮５丁目61番,139.640488,35.948938
788,公衆便所,与野駅東口公衆トイレ,行政施設,行政系施設,公衆便所,公衆便所,浦和区上木崎1丁目1番1,139.639001,35.885003
789,公衆便所,北浦和駅西口公衆トイレ,行政施設,行政系施設,公衆便所,公衆便所,浦和区北浦和４丁目2番4,139.64618,35.871721
790,公衆便所,中央公園公衆トイレ,行政施設,行政系施設,公衆便所,公衆便所,浦和区仲町２丁目13番7,139.652442,35.858547
791,公衆便所,武蔵浦和駅東口公衆トイレ,行政施設,行政系施設,公衆便所,公衆便所,南区別所７丁目1535番,139.647786,35.845949
792,公衆便所,東浦和駅前公衆トイレ,行政施設,行政系施設,公衆便所,公衆便所,緑区東浦和1丁目1番9,139.704615,35.864956
793,公衆便所,南浦和駅西口公衆トイレ,行政施設,行政系施設,公衆便所,公衆便所,南区南本町２丁目26番1,139.66874,35.847608
794,公衆便所,与野駅西口公衆トイレ,行政施設,行政系施設,公衆便所,公衆便所,浦和区上木崎１丁目地内番,139.637905,35.88471
795,公衆便所,浦和駅東口公衆トイレ,行政施設,行政系施設,公衆便所,公衆便所,浦和区東高砂町地内番,139.658688,35.858062
796,公衆便所,西大宮駅北口公衆トイレ,行政施設,行政系施設,公衆便所,公衆便所,西区西大宮1丁目21番地,139.579996,35.922588
797,公衆便所,西大宮駅南口公衆トイレ,行政施設,行政系施設,公衆便所,公衆便所,西区西大宮1丁目21番地,139.580034,35.922244
798,公衆便所,日進駅北口公衆トイレ,行政施設,行政系施設,公衆便所,公衆便所,北区日進町２丁目1125番21,139.60618,35.931756
799,公衆便所,日進駅南口公衆トイレ,行政施設,行政系施設,公衆便所,公衆便所,北区日進町２丁目1125番21,139.606342,35.931448
800,公衆便所,氷川女体神社,行政施設,行政系施設,公衆便所,公衆便所,緑区宮本２丁目17番2,139.694243,35.887282
801,公衆便所,宮原駅西口公衆トイレ,行政施設,行政系施設,公衆便所,公衆便所,北区宮原町3丁目522番1,139.608925,35.940631
802,公衆便所,北浦和駅東口公衆トイレ,行政施設,行政系施設,公衆便所,公衆便所,浦和区北浦和３丁目3番1ﾚｯｽﾞｽｸｴｱ-内,139.646025,35.872486
803,公衆便所,武蔵浦和駅西口公衆トイレ,行政施設,行政系施設,公衆便所,公衆便所,南区沼影１丁目10番1ﾗﾑｻﾞﾀﾜｰ1階,139.647029,35.844045
804,公衆便所,さいたま新都心駅東口公衆トイレ,行政施設,行政系施設,公衆便所,公衆便所,大宮区吉敷町４丁目243番1,139.634234,35.894284
805,公衆便所,東岩槻駅北口公衆トイレ備品倉庫,行政施設,行政系施設,公衆便所,公衆便所,岩槻区東岩槻１丁目12番1,139.712192,35.963506
806,公衆便所,東岩槻駅南口公衆トイレ,行政施設,行政系施設,公衆便所,公衆便所,岩槻区東岩槻4丁目2番1,139.712699,35.963339
807,公衆便所,岩槻駅西口公衆トイレ,行政施設,行政系施設,公衆便所,公衆便所,岩槻区本町1丁目1番1号,139.692685,35.950335
808,公衆便所,浦和美園駅西口公衆トイレ,行政施設,行政系施設,公衆便所,公衆便所,大宮区大門町１丁目７４番,139.727307,35.890769
809,公衆便所,岩槻駅東口公衆トイレ,行政施設,行政系施設,公衆便所,公衆便所,岩槻区本町1丁目1番1号,139.693288,35.950052
810,公衆便所,OM TERRACE,行政施設,行政系施設,公衆便所,公衆便所,大宮区大門町１丁目７４番,139.62534,35.905922
811,公衆便所,土呂駅東口公衆トイレ,行政施設,行政系施設,公衆便所,公衆便所,北区土呂町２丁目１１番１号の一部,139.632371,35.931643
812,その他施設,清河寺ふれあい会館,その他施設,その他施設,その他施設,会館・自治会館,西区大字清河寺745番2,139.583453,35.934881
813,その他施設,高木地区集会所,その他施設,その他施設,その他施設,会館・自治会館,西区大字高木710番1,139.572322,35.929109
814,その他施設,穂積自治会館,その他施設,その他施設,その他施設,会館・自治会館,西区大字宝来343番1,139.554346,35.927982
815,その他施設,土呂町自治会館,その他施設,その他施設,その他施設,会館・自治会館,北区土呂町２丁目84番2,139.636903,35.934852
816,その他施設,本郷会館,その他施設,その他施設,その他施設,会館・自治会館,北区本郷町1122番2,139.626697,35.94409
817,その他施設,宮原町4丁目鍛冶自治会館,その他施設,その他施設,その他施設,会館・自治会館,北区宮原町４丁目106番1,139.607449,35.949672
818,その他施設,上小町自治会館,その他施設,その他施設,その他施設,会館・自治会館,大宮区上小町825番,139.612444,35.899779
819,その他施設,北袋町自治会館,その他施設,その他施設,その他施設,会館・自治会館,大宮区北袋町１丁目190番13,139.641362,35.895273
820,その他施設,東大宮自治会館,その他施設,その他施設,その他施設,会館・自治会館,見沼区東大宮１丁目13番1,139.64125,35.94382
821,その他施設,東大宮２丁目集会所,その他施設,その他施設,その他施設,会館・自治会館,見沼区東大宮２丁目34番8,139.634084,35.947448
822,その他施設,東大宮７丁目自治会館,その他施設,その他施設,その他施設,会館・自治会館,見沼区東大宮７丁目39番1,139.645288,35.944626
823,その他施設,東宮下会館,その他施設,その他施設,その他施設,会館・自治会館,見沼区東宮下１丁目79番2,139.680788,35.929874
824,その他施設,膝子下組会館,その他施設,その他施設,その他施設,会館・自治会館,見沼区大字膝子227番,139.691521,35.915489
825,その他施設,膝子会館,その他施設,その他施設,その他施設,会館・自治会館,見沼区大字膝子528番1,139.685972,35.919986
826,その他施設,八幡会館,その他施設,その他施設,その他施設,会館・自治会館,見沼区大字膝子623番,139.686263,35.92356
827,その他施設,深作会館,その他施設,その他施設,その他施設,会館・自治会館,見沼区深作２丁目7番,139.668083,35.952296
828,その他施設,丸ヶ崎自治会館,その他施設,その他施設,その他施設,会館・自治会館,見沼区丸ヶ崎町27番10,139.652164,35.955106
829,その他施設,秋ヶ瀬集会所,その他施設,その他施設,その他施設,会館・自治会館,桜区新開４丁目2番10,139.61813,35.846456
830,その他施設,大崎集会所,その他施設,その他施設,その他施設,会館・自治会館,緑区大字大崎2954番2,139.709322,35.887421
831,その他施設,ローズ西平自治会館,その他施設,その他施設,その他施設,会館・自治会館,岩槻区大字岩槻5385番2,139.683079,35.962213
832,その他施設,旧職員会館,その他施設,その他施設,その他施設,会館・自治会館,大宮区堀の内町３丁目368番,139.63774,35.917747
833,その他施設,染谷地区内集会所,その他施設,その他施設,その他施設,会館・自治会館,見沼区染谷３丁目402番3,139.68498,35.908926
834,その他施設,穂積コミュニティ会館,その他施設,その他施設,その他施設,会館・自治会館,西区大字峰岸13番,139.557204,35.929309
835,その他施設,桜田自治会連合会集会所,その他施設,その他施設,その他施設,会館・自治会館,桜区桜田２丁目21番1,139.620594,35.850781
836,その他施設,新開第一自治会集会所,その他施設,その他施設,その他施設,会館・自治会館,桜区新開２丁目2番10,139.620069,35.847724
837,その他施設,桜木町１丁目第１自治会館,その他施設,その他施設,その他施設,会館・自治会館,大宮区桜木町１丁目185番2,139.622676,35.903088
838,その他施設,ひつ和自治会集会所,その他施設,その他施設,その他施設,会館・自治会館,桜区田島９丁目30番18,139.620328,35.842631
839,その他施設,職業訓練センター,その他施設,その他施設,その他施設,その他貸付施設,西区大字西遊馬1338番13,139.561273,35.914634
840,その他施設,しらはた作業所,その他施設,その他施設,その他施設,その他貸付施設,南区白幡５丁目11番15,139.649338,35.841092
841,その他施設,福祉施設,その他施設,その他施設,その他施設,その他貸付施設,南区白幡５丁目14番1,139.649238,35.841278
842,その他施設,あみ～ご,その他施設,その他施設,その他施設,その他貸付施設,南区白幡５丁目11番16,139.649371,35.841028
843,その他施設,障害福祉サービス事業所,その他施設,その他施設,その他施設,その他貸付施設,中央区八王子４丁目1番20,139.610659,35.878029
844,その他施設,さいたま市民医療センター,その他施設,その他施設,その他施設,その他貸付施設,西区大字島根299番1,139.598221,35.88182
845,その他施設,コルソ,その他施設,その他施設,その他施設,その他貸付施設,浦和区高砂１丁目12番1,139.65574,35.858374
846,その他施設,大宮ワークプラザ,その他施設,その他施設,その他施設,その他貸付施設,西区大字西遊馬1969番8,139.561772,35.917111
847,その他施設,浦和シルバーワークプラザ,その他施設,その他施設,その他施設,その他貸付施設,南区南浦和３丁目995番2,139.674666,35.84348
848,その他施設,三室シルバーワークプラザ,その他施設,その他施設,その他施設,その他貸付施設,緑区大字三室1137番5,139.67084,35.883835
849,その他施設,シルバー人材センター岩槻事務所,その他施設,その他施設,その他施設,その他貸付施設,岩槻区仲町１丁目14番54,139.701446,35.948897
850,その他施設,シルバー人材センター東岩槻作業所,その他施設,その他施設,その他施設,その他貸付施設,岩槻区諏訪３丁目6番9,139.708092,35.971369
851,その他施設,東岩槻６丁目倉庫,その他施設,その他施設,その他施設,その他貸付施設,岩槻区東岩槻６丁目12番9,139.719219,35.959613
852,その他施設,大宮医師会館,その他施設,その他施設,その他施設,その他貸付施設,北区東大成町２丁目107番,139.620779,35.925434
853,その他施設,旧武蔵浦和支所（ラムザタワーA102事務所）,その他施設,その他施設,その他施設,その他貸付施設,南区沼影１丁目10番1,139.646799,35.844104
854,その他施設,シルバー人材センター下町作業所,その他施設,その他施設,その他施設,その他貸付施設,大宮区下町２丁目46番2,139.628749,35.903578
855,その他施設,障害児通所支援所,その他施設,その他施設,その他施設,その他貸付施設,中央区八王子４丁目1番21,139.61067,35.877898
856,その他施設,岸町防犯ステーション,その他施設,その他施設,その他施設,その他貸付施設,浦和区岸町５丁目1番2,139.654944,35.852314
857,その他施設,岩槻職員住宅,その他施設,その他施設,その他施設,その他貸付施設,岩槻区大字岩槻6210番,139.690791,35.960482
858,その他施設,蓮沼職員住宅A、B棟,その他施設,その他施設,その他施設,その他貸付施設,見沼区大字蓮沼1045番1,139.658473,35.93452
859,その他施設,尾間木防犯ステーション,その他施設,その他施設,その他施設,その他貸付施設,緑区東浦和４丁目33番13,139.70018,35.870556
860,その他施設,公園防犯ステーション,その他施設,その他施設,その他施設,その他貸付施設,大宮区高鼻町４丁目無番地,139.629718,35.916811
861,その他施設,高砂防犯ステーション,その他施設,その他施設,その他施設,その他貸付施設,浦和区高砂３丁目1番20,139.652176,35.857499
862,その他施設,大成防犯ステーション,その他施設,その他施設,その他施設,その他貸付施設,大宮区大成町１丁目151番,139.616366,35.908189
863,その他施設,谷田防犯ステーション,その他施設,その他施設,その他施設,その他貸付施設,南区大字太田窪1712番2,139.676466,35.856241
864,その他施設,農産物直売所,その他施設,その他施設,その他施設,その他貸付施設,緑区大字大崎322番1,139.712628,35.882736
864,その他施設,北浦和インフォメーションセンター,その他施設,その他施設,その他施設,その他施設,浦和区北浦和３丁目3番1,139.645951,35.872566
