種別,避難所等の定義,施設等の名称,住所,lat,lon,読み,地震,洪水,崖崩れ,大規模な火事,指定避難所との重複
指定緊急避難場所,災害の危険から命を守るために緊急的に避難する場所,指扇小学校,埼玉県さいたま市西区西大宮1-49-6,35.92283441,139.573297,サシオウギショウガッコウ,可,２Ｆ以上,可,,あり
指定緊急避難場所,災害の危険から命を守るために緊急的に避難する場所,馬宮東小学校,埼玉県さいたま市西区大字西遊馬189-1,35.90391861,139.571323,マミヤヒガシショウガッコウ,可,不可,可,,あり
指定緊急避難場所,災害の危険から命を守るために緊急的に避難する場所,馬宮西小学校,埼玉県さいたま市西区大字飯田新田189-2,35.88621385,139.5593925,マミヤニシショウガッコウ,可,３Ｆ以上,可,,あり
指定緊急避難場所,災害の危険から命を守るために緊急的に避難する場所,植水小学校,埼玉県さいたま市西区大字中野林225-1,35.89444688,139.5948369,ウエミズショウガッコウ,可,３Ｆ以上,可,,あり
指定緊急避難場所,災害の危険から命を守るために緊急的に避難する場所,大宮西小学校,埼玉県さいたま市西区三橋5-1359,35.90422715,139.5904575,オオミヤニシショウガッコウ,可,２Ｆ以上,可,,あり
指定緊急避難場所,災害の危険から命を守るために緊急的に避難する場所,栄小学校,埼玉県さいたま市西区大字飯田811,35.90687982,139.5830284,サカエショウガッコウ,可,３Ｆ以上,可,,あり
指定緊急避難場所,災害の危険から命を守るために緊急的に避難する場所,宮前小学校,埼玉県さいたま市西区宮前町341,35.92300185,139.5947462,ミヤマエショウガッコウ,可,２Ｆ以上,可,,あり
指定緊急避難場所,災害の危険から命を守るために緊急的に避難する場所,指扇北小学校,埼玉県さいたま市西区大字中釘1506-1,35.93357649,139.571891,サシオウギキタショウガッコウ,可,２Ｆ以上,可,,あり
指定緊急避難場所,災害の危険から命を守るために緊急的に避難する場所,指扇中学校,埼玉県さいたま市西区西大宮3-31-1,35.92764846,139.576683,サシオウギチュウガッコウ,可,可,可,,あり
指定緊急避難場所,災害の危険から命を守るために緊急的に避難する場所,馬宮中学校,埼玉県さいたま市西区大字二ツ宮589-1,35.89871378,139.5799737,マミヤチュウガッコウ,可,３Ｆ以上,可,,あり
指定緊急避難場所,災害の危険から命を守るために緊急的に避難する場所,大宮西中学校,埼玉県さいたま市西区三橋6-1558,35.92009529,139.59074,オオミヤニシチュウガッコウ,可,可,可,,あり
指定緊急避難場所,災害の危険から命を守るために緊急的に避難する場所,宮前中学校,埼玉県さいたま市西区宮前町1467-1,35.92975997,139.5981629,ミヤマエチュウガッコウ,可,２Ｆ以上,可,,あり
指定緊急避難場所,災害の危険から命を守るために緊急的に避難する場所,植水中学校,埼玉県さいたま市西区大字三条町345-1,35.88689659,139.5838512,ウエミズチュウガッコウ,可,３Ｆ以上,可,,あり
指定緊急避難場所,災害の危険から命を守るために緊急的に避難する場所,土屋中学校,埼玉県さいたま市西区大字土屋1766-1,35.9117327,139.5713233,ツチヤチュウガッコウ,可,３Ｆ以上,可,,あり
指定緊急避難場所,災害の危険から命を守るために緊急的に避難する場所,県立大宮光陵高等学校,埼玉県さいたま市西区大字中野林145,35.89470937,139.5894314,ケンリツオオミヤコウリョウコウトウガッコウ,可,３Ｆ以上,可,,あり
指定緊急避難場所,災害の危険から命を守るために緊急的に避難する場所,県立大宮南高等学校,埼玉県さいたま市西区大字植田谷本793,35.88823121,139.5897208,ケンリツオオミヤミナミコウトウガッコウ,可,３Ｆ以上,可,,あり
指定緊急避難場所,災害の危険から命を守るために緊急的に避難する場所,県立大宮武蔵野高等学校,埼玉県さいたま市西区大字西遊馬1601,35.9094594,139.5604624,ケンリツオオミヤムサシノコウトウガッコウ,可,不可,可,,あり
指定緊急避難場所,災害の危険から命を守るために緊急的に避難する場所,県立大宮北特別支援学校,埼玉県さいたま市西区中釘後谷2290-1,35.94321217,139.5739819,ケンリツオオミヤキタトクベツシエンガッコウ,可,不可,可,,あり
指定緊急避難場所,災害の危険から命を守るために緊急的に避難する場所,西遊馬公園,埼玉県さいたま市西区西遊馬3433-1外,35.90459918,139.5608514,ニシアスマコウエン,可,不可,可,可,
指定緊急避難場所,災害の危険から命を守るために緊急的に避難する場所,三橋総合公園,埼玉県さいたま市西区三橋5-190,35.913188,139.5959882,ミハシソウゴウコウエン,可,不可,可,可,
指定緊急避難場所,災害の危険から命を守るために緊急的に避難する場所,鴨川みずべの里,埼玉県さいたま市西区大字水判土109-1,35.89727153,139.5972249,カモガワミズベノサト,可,不可,可,,
指定緊急避難場所,災害の危険から命を守るために緊急的に避難する場所,宝来運動公園,埼玉県さいたま市西区大字宝来2022-1,35.9333318,139.5507293,ホウライウンドウコウエン,可,不可,可,,
指定緊急避難場所,災害の危険から命を守るために緊急的に避難する場所,秋葉の森総合公園,埼玉県さいたま市西区大字中釘1241-1先,35.93604214,139.5654708,アキバノモリソウゴウコウエン,可,不可,可,可,
指定緊急避難場所,災害の危険から命を守るために緊急的に避難する場所,埼玉栄中学・高等学校,埼玉県さいたま市西区西大宮3-11-1,35.92553036,139.5775675,サイタマサカエチュウガクコウトウガッコウ,可,不可,可,,
指定緊急避難場所,災害の危険から命を守るために緊急的に避難する場所,東大成小学校,埼玉県さいたま市北区東大成町2-12,35.92493692,139.6187689,ヒガシオオナリショウガッコウ,可,可,可,,あり
指定緊急避難場所,災害の危険から命を守るために緊急的に避難する場所,日進小学校,埼玉県さいたま市北区日進町2-911,35.92522957,139.6074386,ニッシンショウガッコウ,可,可,可,,あり
指定緊急避難場所,災害の危険から命を守るために緊急的に避難する場所,日進北小学校,埼玉県さいたま市北区日進町3-178,35.9369061,139.6041502,ニッシンキタショウガッコウ,可,可,可,,あり
指定緊急避難場所,災害の危険から命を守るために緊急的に避難する場所,宮原小学校,埼玉県さいたま市北区宮原町4-102-6,35.94910214,139.6061345,ミヤハラショウガッコウ,可,可,可,,あり
指定緊急避難場所,災害の危険から命を守るために緊急的に避難する場所,植竹小学校,埼玉県さいたま市北区植竹町2-1,35.92977525,139.6259017,ウエタケショウガッコウ,可,可,可,,あり
指定緊急避難場所,災害の危険から命を守るために緊急的に避難する場所,大砂土小学校,埼玉県さいたま市北区本郷町1,35.93753901,139.6268548,オオサトショウガッコウ,可,可,可,,あり
指定緊急避難場所,災害の危険から命を守るために緊急的に避難する場所,大宮別所小学校,埼玉県さいたま市北区別所町42-1,35.9549355,139.5974316,オオミヤベッショ,可,可,可,,あり
指定緊急避難場所,災害の危険から命を守るために緊急的に避難する場所,泰平小学校,埼玉県さいたま市北区今羽町628,35.95004794,139.6262171,タイヘイショウガッコウ,可,不可,可,,あり
指定緊急避難場所,災害の危険から命を守るために緊急的に避難する場所,つばさ小学校,埼玉県さいたま市北区宮原町3-902-4,35.93340902,139.6103765,ツバサショウガッコウ,可,可,可,,あり
指定緊急避難場所,災害の危険から命を守るために緊急的に避難する場所,日進中学校,埼玉県さいたま市北区櫛引町2-503-1,35.92149217,139.6099392,ニッシンチュウガッコウ,可,可,可,,あり
指定緊急避難場所,災害の危険から命を守るために緊急的に避難する場所,宮原中学校,埼玉県さいたま市北区宮原町4-129,35.9518634,139.6050018,ミヤハラチュウガッコウ,可,可,可,,あり
指定緊急避難場所,災害の危険から命を守るために緊急的に避難する場所,植竹中学校,埼玉県さいたま市北区土呂町352,35.93394127,139.626955,ウエタケチュウガッコウ,可,可,可,,あり
指定緊急避難場所,災害の危険から命を守るために緊急的に避難する場所,泰平中学校,埼玉県さいたま市北区本郷町1991,35.9486649,139.6269344,タイヘイチュウガッコウ,可,不可,可,,あり
指定緊急避難場所,災害の危険から命を守るために緊急的に避難する場所,土呂中学校,埼玉県さいたま市北区見沼3-75,35.93880644,139.6371754,トロチュウガッコウ,可,不可,可,,あり
指定緊急避難場所,災害の危険から命を守るために緊急的に避難する場所,大宮北高等学校,埼玉県さいたま市北区奈良町91-1,35.94591026,139.6002462,オオミヤキタコウトウガッコウ,可,可,可,,あり
指定緊急避難場所,災害の危険から命を守るために緊急的に避難する場所,県立大宮工業高等学校,埼玉県さいたま市北区本郷町1970,35.94799233,139.6279437,ケンリツオオミヤコウギョウコウトウガッコウ,可,不可,可,,あり
指定緊急避難場所,災害の危険から命を守るために緊急的に避難する場所,県立大宮中央高等学校,埼玉県さいたま市北区櫛引町2-499-1,35.91948833,139.6101805,ケンリツオオミヤチュウオウコウトウガッコウ,可,可,可,,あり
指定緊急避難場所,災害の危険から命を守るために緊急的に避難する場所,県立大宮ろう学園,埼玉県さいたま市北区植竹町2-68,35.93146915,139.625607,ケンリツオオミヤロウガクエン,可,可,可,,あり
指定緊急避難場所,災害の危険から命を守るために緊急的に避難する場所,日進公園,埼玉県さいたま市北区日進町1-311,35.92190343,139.6041487,ニッシンコウエン,可,可,可,,
指定緊急避難場所,災害の危険から命を守るために緊急的に避難する場所,番場公園,埼玉県さいたま市北区日進町2-1435-1,35.93300846,139.5991452,バンバコウエン,可,不可,可,,
指定緊急避難場所,災害の危険から命を守るために緊急的に避難する場所,うねうね公園,埼玉県さいたま市北区日進町2-1916-3,35.93462605,139.6090266,ウネウネコウエン,可,可,可,,
指定緊急避難場所,災害の危険から命を守るために緊急的に避難する場所,市民の森・見沼グリーンセンター,埼玉県さいたま市北区見沼2-94,35.93211789,139.6381546,シミンノモリ・ミヌマグリーンセンター,可,可,可,可,
指定緊急避難場所,災害の危険から命を守るために緊急的に避難する場所,きたまちしましま公園,埼玉県さいたま市北区宮原町1-859,35.93164111,139.6225466,キタマチシマシマコウエン,可,可,可,,
指定緊急避難場所,災害の危険から命を守るために緊急的に避難する場所,宮原公園・宮原南公園,埼玉県さいたま市北区宮原町2-79、2-73-1,35.94148418,139.6174468,ミヤハラコウエン・ミヤハラミナミコウエン,可,可,可,,
指定緊急避難場所,災害の危険から命を守るために緊急的に避難する場所,東宮原ぼうさい広場,埼玉県さいたま市北区宮原町2-125-1,35.942698,139.6194405,ヒガシミヤハラボウサイヒロバ,可,可,可,,
指定緊急避難場所,災害の危険から命を守るために緊急的に避難する場所,松原公園,埼玉県さいたま市北区宮原町4-42,35.94646187,139.6146034,マツバラコウエン,可,可,可,,
指定緊急避難場所,災害の危険から命を守るために緊急的に避難する場所,前谷公園,埼玉県さいたま市北区吉野町1-8-5、1-7-1,35.94757138,139.6187656,マエタニコウエン,可,可,可,,
指定緊急避難場所,災害の危険から命を守るために緊急的に避難する場所,吉野公園,埼玉県さいたま市北区吉野町1-379-1,35.95279,139.61237,ヨシノコウエン,可,可,可,,
指定緊急避難場所,災害の危険から命を守るために緊急的に避難する場所,つつじヶ丘公園,埼玉県さいたま市北区吉野町2-213,35.95846406,139.6051916,ツツジガオカコウエン,可,可,可,,
指定緊急避難場所,災害の危険から命を守るために緊急的に避難する場所,土呂公園,埼玉県さいたま市北区土呂町1-42,35.9348,139.63092,トロコウエン,可,可,可,,
指定緊急避難場所,災害の危険から命を守るために緊急的に避難する場所,本郷第１公園,埼玉県さいたま市北区本郷町890-1,35.94677376,139.6234114,ホンゴウダイイチコウエン,可,不可,可,,
指定緊急避難場所,災害の危険から命を守るために緊急的に避難する場所,三貫清水緑地,埼玉県さいたま市北区奈良町57-1,35.94203107,139.6001925,サンカンシミズリョクチ,可,不可,可,,
指定緊急避難場所,災害の危険から命を守るために緊急的に避難する場所,農業機械研究部門,埼玉県さいたま市北区日進町1-40-2,35.91686169,139.6042906,ノウギョウキカイケンキュウブモン,可,可,可,可,
指定緊急避難場所,災害の危険から命を守るために緊急的に避難する場所,大宮小学校,埼玉県さいたま市大宮区大門町3-3,35.90661267,139.6297532,オオミヤショウガッコウ,可,可,可,,あり
指定緊急避難場所,災害の危険から命を守るために緊急的に避難する場所,大宮東小学校,埼玉県さいたま市大宮区堀の内町3-145,35.91404229,139.6358921,オオミヤヒガシショウガッコウ,可,可,可,,あり
指定緊急避難場所,災害の危険から命を守るために緊急的に避難する場所,大宮南小学校,埼玉県さいたま市大宮区吉敷町3-87,35.90061651,139.6338588,オオミヤミナミショウガッコウ,可,可,可,,あり
指定緊急避難場所,災害の危険から命を守るために緊急的に避難する場所,大宮北小学校,埼玉県さいたま市大宮区宮町3-84,35.91192522,139.6272421,オオミヤキタショウガッコウ,可,可,可,,あり
指定緊急避難場所,災害の危険から命を守るために緊急的に避難する場所,桜木小学校,埼玉県さいたま市大宮区桜木町4-328-9,35.90340838,139.6171378,サクラギショウガッコウ,可,不可,可,,あり
指定緊急避難場所,災害の危険から命を守るために緊急的に避難する場所,三橋小学校,埼玉県さいたま市大宮区三橋2-20,35.90375307,139.6047356,ミハシショウガッコウ,可,可,可,,あり
指定緊急避難場所,災害の危険から命を守るために緊急的に避難する場所,大成小学校,埼玉県さいたま市大宮区大成町2-282,35.91454818,139.6137674,オオナリショウガッコウ,可,可,可,,あり
指定緊急避難場所,災害の危険から命を守るために緊急的に避難する場所,芝川小学校,埼玉県さいたま市大宮区天沼町2-1077,35.90511178,139.644726,シバカワショウガッコウ,可,不可,可,,あり
指定緊急避難場所,災害の危険から命を守るために緊急的に避難する場所,上小小学校,埼玉県さいたま市大宮区上小町1337-1,35.89653949,139.6167417,カミコショウガッコウ,可,可,可,,あり
指定緊急避難場所,災害の危険から命を守るために緊急的に避難する場所,大宮東中学校,埼玉県さいたま市大宮区堀の内町1-99,35.90812015,139.6346986,オオミヤヒガシチュウガッコウ,可,可,可,,あり
指定緊急避難場所,災害の危険から命を守るために緊急的に避難する場所,大宮南中学校,埼玉県さいたま市大宮区天沼町2-362,35.89906582,139.6365612,オオミヤミナミチュウガッコウ,可,可,可,,あり
指定緊急避難場所,災害の危険から命を守るために緊急的に避難する場所,大宮北中学校,埼玉県さいたま市大宮区寿能町1-21,35.92154552,139.6327926,オオミヤキタチュウガッコウ,可,可,可,,あり
指定緊急避難場所,災害の危険から命を守るために緊急的に避難する場所,桜木中学校,埼玉県さいたま市大宮区桜木町4-219,35.90532862,139.6164799,サクラギチュウガッコウ,可,不可,可,,あり
指定緊急避難場所,災害の危険から命を守るために緊急的に避難する場所,三橋中学校,埼玉県さいたま市大宮区三橋1-1300,35.90484885,139.6022751,ミハシチュウガッコウ,可,２Ｆ以上,可,,あり
指定緊急避難場所,災害の危険から命を守るために緊急的に避難する場所,大成中学校,埼玉県さいたま市大宮区大成町2-379,35.91306243,139.6128929,オオナリチュウガッコウ,可,可,可,,あり
指定緊急避難場所,災害の危険から命を守るために緊急的に避難する場所,第二東中学校,埼玉県さいたま市大宮区天沼町1-760,35.90902246,139.6449913,ダイニヒガシチュウガッコウ,可,不可,可,,あり
指定緊急避難場所,災害の危険から命を守るために緊急的に避難する場所,大宮国際中等教育学校,埼玉県さいたま市大宮区三橋4-96,35.89618927,139.5990059,オオミヤコクサイチュウトウキョウイクガッコウ,可,２Ｆ以上,可,,あり
指定緊急避難場所,災害の危険から命を守るために緊急的に避難する場所,県立大宮高等学校,埼玉県さいたま市大宮区天沼町2-323,35.90007673,139.6367261,ケンリツオオミヤコウトウガッコウ,可,可,可,,あり
指定緊急避難場所,災害の危険から命を守るために緊急的に避難する場所,合併記念見沼公園,埼玉県さいたま市大宮区天沼町1-941外,35.9057833,139.6475484,ガッペイキネンミヌマコウエン,可,不可,可,,
指定緊急避難場所,災害の危険から命を守るために緊急的に避難する場所,大平公園,埼玉県さいたま市大宮区三橋1-55,35.90905735,139.605607,オオダイラコウエン,可,可,可,,
指定緊急避難場所,災害の危険から命を守るために緊急的に避難する場所,大宮公園,埼玉県さいたま市大宮区高鼻町、寿能町、堀の内町、見沼区大和田町地内,35.91853144,139.631669,オオミヤコウエン,可,可,可,可,
指定緊急避難場所,災害の危険から命を守るために緊急的に避難する場所,大宮第二公園,埼玉県さいたま市大宮区寿能町、見沼区大和田町地内,35.91842718,139.6407885,オオミヤダイニコウエン,可,不可,可,可,
指定緊急避難場所,災害の危険から命を守るために緊急的に避難する場所,大宮第三公園,埼玉県さいたま市大宮区堀の内町地内,35.91519488,139.6423764,オオミヤダイサンコウエン,可,不可,可,可,
指定緊急避難場所,災害の危険から命を守るために緊急的に避難する場所,大和田公園,埼玉県さいたま市大宮区寿能町、見沼区大和田町外,35.92142659,139.641165,オオワダコウエン,可,不可,可,可,
指定緊急避難場所,災害の危険から命を守るために緊急的に避難する場所,さいたま新都心公園,埼玉県さいたま市大宮区北袋町1丁目190-24、1丁目297-5,35.893271,139.639155,サイタマシントシンコウエン,可,可,可,,
指定緊急避難場所,災害の危険から命を守るために緊急的に避難する場所,氷川緑地,埼玉県さいたま市大宮区高鼻町1、2丁目、大門町3丁目、東町2丁目地内,35.90894842,139.6308326,ヒカワリョクチ,可,可,可,,
指定緊急避難場所,災害の危険から命を守るために緊急的に避難する場所,天沼緑地,埼玉県さいたま市大宮区天沼町1-676-1,35.91030586,139.6449725,アマヌマリョクチ,可,不可,可,,
指定緊急避難場所,災害の危険から命を守るために緊急的に避難する場所,大砂土東小学校,埼玉県さいたま市見沼区大和田町2-998,35.93744315,139.646651,オオサトヒガシショウガッコウ,可,可,可,,あり
指定緊急避難場所,災害の危険から命を守るために緊急的に避難する場所,見沼小学校,埼玉県さいたま市見沼区東大宮2-45,35.94880195,139.6325794,ミヌマショウガッコウ,可,２Ｆ以上,可,,あり
指定緊急避難場所,災害の危険から命を守るために緊急的に避難する場所,片柳小学校,埼玉県さいたま市見沼区大字東新井244-1,35.91063345,139.6705108,カタヤナギショウガッコウ,可,可,可,,あり
指定緊急避難場所,災害の危険から命を守るために緊急的に避難する場所,七里小学校,埼玉県さいたま市見沼区大字東宮下312,35.92919715,139.6761076,ナナサトショウガッコウ,可,可,可,,あり
指定緊急避難場所,災害の危険から命を守るために緊急的に避難する場所,春岡小学校,埼玉県さいたま市見沼区春岡2-29-1,35.94947455,139.6619557,ハルオカショウガッコウ,可,可,可,,あり
指定緊急避難場所,災害の危険から命を守るために緊急的に避難する場所,蓮沼小学校,埼玉県さいたま市見沼区大字蓮沼1070,35.93432128,139.6604916,ハスヌマショウガッコウ,可,可,可,,あり
指定緊急避難場所,災害の危険から命を守るために緊急的に避難する場所,大谷小学校,埼玉県さいたま市見沼区大字大谷18,35.92125218,139.6658113,オオヤショウガッコウ,可,可,可,,あり
指定緊急避難場所,災害の危険から命を守るために緊急的に避難する場所,島小学校,埼玉県さいたま市見沼区島町533-2,35.94675614,139.6514798,シマショウガッコウ,可,可,可,,あり
指定緊急避難場所,災害の危険から命を守るために緊急的に避難する場所,東宮下小学校,埼玉県さいたま市見沼区大字東宮下215-1,35.92599353,139.6776213,ヒガシミヤシタショウガッコウ,可,不可,可,,あり
指定緊急避難場所,災害の危険から命を守るために緊急的に避難する場所,海老沼小学校,埼玉県さいたま市見沼区大字東新井710-5,35.90839485,139.6600794,エビヌマショウガッコウ,可,可,可,,あり
指定緊急避難場所,災害の危険から命を守るために緊急的に避難する場所,春野小学校,埼玉県さいたま市見沼区春野1-10-1,35.95662243,139.66731,ハルノショウガッコウ,可,不可,可,,あり
指定緊急避難場所,災害の危険から命を守るために緊急的に避難する場所,大砂土中学校,埼玉県さいたま市見沼区東大宮1-100-1,35.93796292,139.6445675,オオサト中学校,可,可,可,,あり
指定緊急避難場所,災害の危険から命を守るために緊急的に避難する場所,片柳中学校,埼玉県さいたま市見沼区大字御蔵551,35.90682891,139.6740358,カタヤナギチュウガッコウ,可,可,可,,あり
指定緊急避難場所,災害の危険から命を守るために緊急的に避難する場所,春里中学校,埼玉県さいたま市見沼区大字小深作268-19,35.94089584,139.6640905,ハルサトチュウガッコウ,可,可,可,,あり
指定緊急避難場所,災害の危険から命を守るために緊急的に避難する場所,七里中学校,埼玉県さいたま市見沼区東宮下1-1-1,35.92771862,139.6808516,ナナサトチュウガッコウ,可,可,可,,あり
指定緊急避難場所,災害の危険から命を守るために緊急的に避難する場所,大谷中学校,埼玉県さいたま市見沼区大字大谷1634-2,35.92526686,139.6667605,オオヤチュウガッコウ,可,可,可,,あり
指定緊急避難場所,災害の危険から命を守るために緊急的に避難する場所,大宮八幡中学校,埼玉県さいたま市見沼区大字南中丸357,35.91919511,139.6534309,オオミヤヤハタチュウガッコウ,可,可,可,,あり
指定緊急避難場所,災害の危険から命を守るために緊急的に避難する場所,春野中学校,埼玉県さいたま市見沼区春野2-2-1,35.95645041,139.663188,ハルノチュウガッコウ,可,不可,可,,あり
指定緊急避難場所,災害の危険から命を守るために緊急的に避難する場所,県立大宮商業高等学校,埼玉県さいたま市見沼区大和田町1-356,35.9274284,139.6452851,ケンリツオオミヤショウギョウコウトウガッコウ,可,可,可,,あり
指定緊急避難場所,災害の危険から命を守るために緊急的に避難する場所,県立大宮東高等学校,埼玉県さいたま市見沼区大字膝子567,35.92659768,139.6851227,ケンリツオオミヤヒガシコウトウガッコウ,可,不可,可,,あり
指定緊急避難場所,災害の危険から命を守るために緊急的に避難する場所,東大宮中央公園,埼玉県さいたま市見沼区東大宮5-42-1,35.94935325,139.6445412,ヒガシオオミヤチュウオウコウエン,可,可,可,,
指定緊急避難場所,災害の危険から命を守るために緊急的に避難する場所,堀の内公園,埼玉県さいたま市見沼区東大宮2-15,35.94614,139.636928,ホリノウチコウエン,可,可,可,,
指定緊急避難場所,災害の危険から命を守るために緊急的に避難する場所,藁田島公園,埼玉県さいたま市見沼区東大宮6-42,35.9516791,139.6503508,ワラタジマコウエン,可,可,可,,
指定緊急避難場所,災害の危険から命を守るために緊急的に避難する場所,観音寺下公園,埼玉県さいたま市見沼区深作2-7,35.9522298,139.6681731,カンノンジシタコウエン,可,可,可,,
指定緊急避難場所,災害の危険から命を守るために緊急的に避難する場所,堀崎公園,埼玉県さいたま市見沼区堀崎町12-1,35.9362341,139.653336,ホリサキコウエン,可,可,可,,
指定緊急避難場所,災害の危険から命を守るために緊急的に避難する場所,七里総合公園,埼玉県さいたま市見沼区大字大谷、大字膝子,35.92357581,139.680279,ナナサトソウゴウコウエン,可,不可,可,可,
指定緊急避難場所,災害の危険から命を守るために緊急的に避難する場所,砂中央公園,埼玉県さいたま市見沼区東大宮7-42,35.94032004,139.6466382,スナチュウオウコウエン,可,可,可,,
指定緊急避難場所,災害の危険から命を守るために緊急的に避難する場所,鎌倉公園,埼玉県さいたま市見沼区大字御蔵1393-1,35.90437544,139.665315,カマクラコウエン,可,可,可,,
指定緊急避難場所,災害の危険から命を守るために緊急的に避難する場所,春岡中央公園,埼玉県さいたま市見沼区春岡3-42-1,35.94763705,139.6589172,ハルオカチュウオウコウエン,可,可,可,,
指定緊急避難場所,災害の危険から命を守るために緊急的に避難する場所,アーバンみらい公園,埼玉県さいたま市見沼区春野1-1634-3,35.95557027,139.6659979,アーバンミライコウエン,可,不可,可,,
指定緊急避難場所,災害の危険から命を守るために緊急的に避難する場所,芝浦工業大学,埼玉県さいたま市見沼区大字深作307,35.95176318,139.6532867,シバウラコウギョウダイガク,可,可,可,,
指定緊急避難場所,災害の危険から命を守るために緊急的に避難する場所,与野本町小学校,埼玉県さいたま市中央区本町東3-5-23,35.88364161,139.6226996,ヨノホンマチショウガッコウ,可,可,可,,あり
指定緊急避難場所,災害の危険から命を守るために緊急的に避難する場所,上落合小学校,埼玉県さいたま市中央区上落合4-14-24,35.89401982,139.6255678,カミオチアイショウガッコウ,可,可,可,,あり
指定緊急避難場所,災害の危険から命を守るために緊急的に避難する場所,大戸小学校,埼玉県さいたま市中央区新中里1-6-28,35.87246101,139.6361299,オオトショウガッコウ,可,可,可,,あり
指定緊急避難場所,災害の危険から命を守るために緊急的に避難する場所,下落合小学校,埼玉県さいたま市中央区上落合1-7-33,35.89017158,139.6312782,シモオチアイショウガッコウ,可,可,可,,あり
指定緊急避難場所,災害の危険から命を守るために緊急的に避難する場所,与野西北小学校,埼玉県さいたま市中央区円阿弥4-3-7,35.88792696,139.6077708,ヨノセイホクショウガッコウ,可,可,可,,あり
指定緊急避難場所,災害の危険から命を守るために緊急的に避難する場所,鈴谷小学校,埼玉県さいたま市中央区鈴谷5-1-1,35.87138078,139.6311389,スズヤショウガッコウ,可,不可,可,,あり
指定緊急避難場所,災害の危険から命を守るために緊急的に避難する場所,与野八幡小学校,埼玉県さいたま市中央区本町東5-23-14,35.89092386,139.6219835,ヨノハチマンショウガッコウ,可,２Ｆ以上,可,,あり
指定緊急避難場所,災害の危険から命を守るために緊急的に避難する場所,与野南小学校,埼玉県さいたま市中央区大戸6-2-25,35.86658564,139.6353309,ヨノミナミショウガッコウ,可,不可,可,,あり
指定緊急避難場所,災害の危険から命を守るために緊急的に避難する場所,与野東中学校,埼玉県さいたま市中央区下落合3-21-10,35.88832,139.632132,ヨノヒガシチュウガッコウ,可,２Ｆ以上,可,,あり
指定緊急避難場所,災害の危険から命を守るために緊急的に避難する場所,与野西中学校,埼玉県さいたま市中央区鈴谷8-10-33,35.87797197,139.623652,ヨノニシチュウガッコウ,可,可,可,,あり
指定緊急避難場所,災害の危険から命を守るために緊急的に避難する場所,与野南中学校,埼玉県さいたま市中央区大戸2-6-25,35.86560243,139.6347208,ヨノミナミチュウガッコウ,可,不可,可,,あり
指定緊急避難場所,災害の危険から命を守るために緊急的に避難する場所,八王子中学校,埼玉県さいたま市中央区八王子4-2-1,35.87843578,139.6080308,ハギオウジチュウガコウ,可,３Ｆ以上,可,,あり
指定緊急避難場所,災害の危険から命を守るために緊急的に避難する場所,県立いずみ高等学校,埼玉県さいたま市中央区円阿弥7-4-1,35.89391885,139.6102948,ケンリツイズミコウトウガッコウ,可,可,可,,あり
指定緊急避難場所,災害の危険から命を守るために緊急的に避難する場所,県立与野高等学校,埼玉県さいたま市中央区本町西2-8-1,35.88439259,139.6183393,ケンリツヨノコウトウガッコウ,可,可,可,,あり
指定緊急避難場所,災害の危険から命を守るために緊急的に避難する場所,与野公園,埼玉県さいたま市中央区本町西1-14,35.88166313,139.6182011,ヨノコウエン,可,可,可,可,
指定緊急避難場所,災害の危険から命を守るために緊急的に避難する場所,八王子公園,埼玉県さいたま市中央区八王子4-2,35.88021385,139.6083088,ハチオウジコウエン,可,不可,可,,
指定緊急避難場所,災害の危険から命を守るために緊急的に避難する場所,与野中央公園,埼玉県さいたま市中央区新中里4-7-2,35.87770686,139.6316149,ヨノチュウオウコウエン,可,不可,可,,
指定緊急避難場所,災害の危険から命を守るために緊急的に避難する場所,大戸公園,埼玉県さいたま市中央区大戸2-11、14,35.86412132,139.6349958,オオトコウエン,可,不可,可,,
指定緊急避難場所,災害の危険から命を守るために緊急的に避難する場所,下落合環境空間緑道,埼玉県さいたま市中央区下落合4-35-3,35.8868002,139.6262181,シモオチアイカンキョウクウカンリョクドウ,可,不可,可,,
指定緊急避難場所,災害の危険から命を守るために緊急的に避難する場所,土合小学校,埼玉県さいたま市桜区西堀7-21-1,35.8578218,139.626635,ツチアイショウガッコウ,可,２Ｆ以上,可,,あり
指定緊急避難場所,災害の危険から命を守るために緊急的に避難する場所,大久保小学校,埼玉県さいたま市桜区五関21,35.87247505,139.598435,オオクボショウガッコウ,可,３Ｆ以上,可,,あり
指定緊急避難場所,災害の危険から命を守るために緊急的に避難する場所,栄和小学校,埼玉県さいたま市桜区栄和1-7-1,35.8617411,139.6174744,サカワショウガッコウ,可,３Ｆ以上,可,,あり
指定緊急避難場所,災害の危険から命を守るために緊急的に避難する場所,田島小学校,埼玉県さいたま市桜区田島10-12-1,35.83771255,139.623297,タジマショウガッコウ,可,不可,可,,あり
指定緊急避難場所,災害の危険から命を守るために緊急的に避難する場所,大久保東小学校,埼玉県さいたま市桜区大久保領家331,35.87133149,139.6031951,オオクボヒガシショウガッコウ,可,３Ｆ以上,可,,あり
指定緊急避難場所,災害の危険から命を守るために緊急的に避難する場所,新開小学校,埼玉県さいたま市桜区新開2-18-1,35.85089827,139.6180774,シビラキショウガッコウ,可,３Ｆ以上,可,,あり
指定緊急避難場所,災害の危険から命を守るために緊急的に避難する場所,神田小学校,埼玉県さいたま市桜区神田541-1,35.87507813,139.6072633,ジンデショウガッコウ,可,３Ｆ以上,可,,あり
指定緊急避難場所,災害の危険から命を守るために緊急的に避難する場所,中島小学校,埼玉県さいたま市桜区中島1-28-1,35.86527733,139.6237969,ナカジマショウガッコウ,可,２Ｆ以上,可,,あり
指定緊急避難場所,災害の危険から命を守るために緊急的に避難する場所,土合中学校,埼玉県さいたま市桜区町谷1-19-1,35.86026506,139.6229423,ツチアイチュウガッコウ,可,３Ｆ以上,可,,あり
指定緊急避難場所,災害の危険から命を守るために緊急的に避難する場所,大久保中学校,埼玉県さいたま市桜区五関282,35.8667944,139.5977675,オオクボチュウガッコウ,可,３Ｆ以上,可,,あり
指定緊急避難場所,災害の危険から命を守るために緊急的に避難する場所,田島中学校,埼玉県さいたま市桜区田島10-13-1,35.83840401,139.622546,タジマチュウガッコウ,可,不可,可,,あり
指定緊急避難場所,災害の危険から命を守るために緊急的に避難する場所,上大久保中学校,埼玉県さいたま市桜区上大久保861-1,35.87142022,139.6163783,カミオオクボチュウガッコウ,可,３Ｆ以上,可,,あり
指定緊急避難場所,災害の危険から命を守るために緊急的に避難する場所,県立浦和北高等学校,埼玉県さいたま市桜区五関595,35.86702939,139.5947776,ケンリツウラワキタコウトウガッコウ,可,不可,可,,あり
指定緊急避難場所,災害の危険から命を守るために緊急的に避難する場所,県立浦和工業高等学校,埼玉県さいたま市桜区西堀5-1-1,35.853768,139.626939,ケンリツウラワコウギョウコウトウガッコウ,可,３Ｆ以上,可,,あり
指定緊急避難場所,災害の危険から命を守るために緊急的に避難する場所,荒川総合運動公園,埼玉県さいたま市桜区大字在家591,35.87470676,139.58199,アラカワソウゴウウンドウコウエン,可,不可,可,可,
指定緊急避難場所,災害の危険から命を守るために緊急的に避難する場所,荒川総合運動公園通り,埼玉県さいたま市桜区大字在家137,35.87746203,139.5850312,アラカワソウゴウウンドウコウエンドオリ,可,不可,可,,
指定緊急避難場所,災害の危険から命を守るために緊急的に避難する場所,千貫樋水郷公園,埼玉県さいたま市桜区大字五関字中島地内,35.86272061,139.594947,センガンビスイゴウコウエン,可,不可,可,,
指定緊急避難場所,災害の危険から命を守るために緊急的に避難する場所,西堀高沼公園,埼玉県さいたま市桜区西堀8-2019-2,35.8586182,139.635181,ニシボリタカヌマコウエン,可,不可,可,,
指定緊急避難場所,災害の危険から命を守るために緊急的に避難する場所,荒川彩湖公園,埼玉県さいたま市桜区大字田島3513-1,35.83511481,139.6222885,アラカワサイココウエン,可,不可,可,可,
指定緊急避難場所,災害の危険から命を守るために緊急的に避難する場所,桜草公園,埼玉県さいたま市桜区大字田島3542-1,35.83728926,139.6205075,サクラソウコウエン,可,不可,可,可,
指定緊急避難場所,災害の危険から命を守るために緊急的に避難する場所,高砂小学校,埼玉県さいたま市浦和区岸町4-1-29,35.85653001,139.6566507,タカサゴショウガッコウ,可,可,可,,あり
指定緊急避難場所,災害の危険から命を守るために緊急的に避難する場所,常盤小学校,埼玉県さいたま市浦和区常盤9-30-9,35.86877797,139.6429544,トキワショウガッコウ,可,可,可,,あり
指定緊急避難場所,災害の危険から命を守るために緊急的に避難する場所,木崎小学校,埼玉県さいたま市浦和区領家4-19-4,35.88277511,139.6529055,キザキショウガッコウ,可,可,可,,あり
指定緊急避難場所,災害の危険から命を守るために緊急的に避難する場所,仲本小学校,埼玉県さいたま市浦和区本太2-12-31,35.86189026,139.6606412,ナカモトショウガッコウ,可,可,可,,あり
指定緊急避難場所,災害の危険から命を守るために緊急的に避難する場所,本太小学校,埼玉県さいたま市浦和区本太2-26-25,35.8654139,139.657363,モトブトショウガッコウ,可,可,可,,あり
指定緊急避難場所,災害の危険から命を守るために緊急的に避難する場所,北浦和小学校,埼玉県さいたま市浦和区北浦和2-18-3,35.87734452,139.6481922,キタウラワショウガッコウ,可,可,可,,あり
指定緊急避難場所,災害の危険から命を守るために緊急的に避難する場所,仲町小学校,埼玉県さいたま市浦和区常盤8-18-4,35.86431854,139.6404187,ナカチョウショウガッコウ,可,可,可,,あり
指定緊急避難場所,災害の危険から命を守るために緊急的に避難する場所,上木崎小学校,埼玉県さいたま市浦和区上木崎3-4-3,35.88768648,139.6428738,カミキザキショウガッコウ,可,可,可,,あり
指定緊急避難場所,災害の危険から命を守るために緊急的に避難する場所,岸町小学校,埼玉県さいたま市浦和区岸町5-20-4,35.851019,139.650243,キシチョウショウガッコウ,可,可,可,,あり
指定緊急避難場所,災害の危険から命を守るために緊急的に避難する場所,針ヶ谷小学校,埼玉県さいたま市浦和区領家7-2-1,35.88186306,139.6488455,ハリガヤショウガッコウ,可,可,可,,あり
指定緊急避難場所,災害の危険から命を守るために緊急的に避難する場所,大東小学校,埼玉県さいたま市浦和区大東3-14-1,35.88318109,139.6644045,ダイトウショウガッコウ,可,可,可,,あり
指定緊急避難場所,災害の危険から命を守るために緊急的に避難する場所,常盤北小学校,埼玉県さいたま市浦和区針ヶ谷4-2-12,35.87879257,139.6390361,トキワキタショウガッコウ,可,可,可,,あり
指定緊急避難場所,災害の危険から命を守るために緊急的に避難する場所,常盤中学校,埼玉県さいたま市浦和区針ヶ谷4-1-9,35.878154,139.639298,トキワチュウガッコウ,可,可,可,,あり
指定緊急避難場所,災害の危険から命を守るために緊急的に避難する場所,木崎中学校,埼玉県さいたま市浦和区瀬ヶ崎2-17-1,35.879071,139.661463,キザキチュガッコウ,可,可,可,,あり
指定緊急避難場所,災害の危険から命を守るために緊急的に避難する場所,本太中学校,埼玉県さいたま市浦和区領家1-4-15,35.87321135,139.6585612,モトブトチュウガッコウ,可,可,可,,あり
指定緊急避難場所,災害の危険から命を守るために緊急的に避難する場所,大原中学校,埼玉県さいたま市浦和区大原3-1-11,35.89284993,139.6485809,オオハラチュウガッコウ,可,不可,可,,あり
指定緊急避難場所,災害の危険から命を守るために緊急的に避難する場所,浦和高等学校,埼玉県さいたま市浦和区元町1-28-17,35.87139187,139.6568465,ウラワコウトウガッコウ,可,可,可,,あり
指定緊急避難場所,災害の危険から命を守るために緊急的に避難する場所,県立浦和高等学校,埼玉県さいたま市浦和区領家5-3-3,35.87787242,139.6517228,ケンリツウラワコウトウガッコウ,可,可,可,,あり
指定緊急避難場所,災害の危険から命を守るために緊急的に避難する場所,県立浦和西高等学校,埼玉県さいたま市浦和区木崎3-1-1,35.8898078,139.6538,ケンリツウラワニシコウトウガッコウ,可,可,可,,あり
指定緊急避難場所,災害の危険から命を守るために緊急的に避難する場所,県立浦和第一女子高等学校,埼玉県さいたま市浦和区岸町3-8-45,35.85275354,139.6581881,ケンリツウラワダイイチジョシコウトウガッコウ,可,可,可,,あり
指定緊急避難場所,災害の危険から命を守るために緊急的に避難する場所,埼玉大学教育学部附属小学校,埼玉県さいたま市浦和区常盤6-9-44,35.86222808,139.6431807,サイタマダイガクキョウイクガクブフゾクショウガッコウ,可,可,可,,あり
指定緊急避難場所,災害の危険から命を守るために緊急的に避難する場所,駒場運動公園,埼玉県さいたま市浦和区駒場2-1,35.87093621,139.6647185,コマバウンドウコウエン,可,可,可,可,
指定緊急避難場所,災害の危険から命を守るために緊急的に避難する場所,駒場緑地,埼玉県さいたま市浦和区駒場2丁目4,35.87281551,139.6630787,コマバリョクチ,可,可,可,,
指定緊急避難場所,災害の危険から命を守るために緊急的に避難する場所,浦和総合運動場,埼玉県さいたま市浦和区元町1・本太4丁目地内,35.86935699,139.6577331,ウラワソウゴウウンドウジョウ,可,可,可,,
指定緊急避難場所,災害の危険から命を守るために緊急的に避難する場所,北浦和公園・浦和北公園,埼玉県さいたま市浦和区常盤9-30,35.86954145,139.6437874,キタウラワコウエン・ウラワキタコウエン,可,可,可,可,
指定緊急避難場所,災害の危険から命を守るために緊急的に避難する場所,常盤公園,埼玉県さいたま市浦和区常盤1-8,35.86229815,139.6509509,トキワコウエン,可,可,可,,
指定緊急避難場所,災害の危険から命を守るために緊急的に避難する場所,調公園,埼玉県さいたま市浦和区岸町3-17,35.8535135,139.6563437,ツキノミヤコウエン,可,可,可,,
指定緊急避難場所,災害の危険から命を守るために緊急的に避難する場所,大原スポーツ広場一帯,埼玉県さいたま市浦和区大原3-15外,35.89493154,139.6502278,オオハラスポーツヒロバイッタイ,可,不可,可,可,
指定緊急避難場所,災害の危険から命を守るために緊急的に避難する場所,谷田小学校,埼玉県さいたま市南区太田窪5-10-6,35.85629662,139.6778072,ヤダショウガッコウ,可,可,可,,あり
指定緊急避難場所,災害の危険から命を守るために緊急的に避難する場所,南浦和小学校,埼玉県さいたま市南区白幡1-1-20,35.84526526,139.6578635,ミナミウラワショウガッコウ,可,可,可,,あり
指定緊急避難場所,災害の危険から命を守るために緊急的に避難する場所,浦和別所小学校,埼玉県さいたま市南区別所2-5-34,35.84952213,139.6481771,ウラワベッショショウガッコウ,可,可,可,,あり
指定緊急避難場所,災害の危険から命を守るために緊急的に避難する場所,大谷場小学校,埼玉県さいたま市南区南浦和1-18-3,35.85262788,139.6679479,オオヤバショウガッコウ,可,可,可,,あり
指定緊急避難場所,災害の危険から命を守るために緊急的に避難する場所,大谷場東小学校,埼玉県さいたま市南区大谷場2-13-54,35.85320498,139.6746665,オオヤバヒガシショウガッコウ,可,可,可,,あり
指定緊急避難場所,災害の危険から命を守るために緊急的に避難する場所,西浦和小学校,埼玉県さいたま市南区曲本1-3-5,35.83825332,139.6301593,ニシウラワショウガッコウ,可,２Ｆ以上,可,,あり
指定緊急避難場所,災害の危険から命を守るために緊急的に避難する場所,辻小学校,埼玉県さいたま市南区辻6-3-28,35.83302752,139.6582643,ツジショウガッコウ,可,２Ｆ以上,可,,あり
指定緊急避難場所,災害の危険から命を守るために緊急的に避難する場所,文蔵小学校,埼玉県さいたま市南区文蔵5-16-29,35.83518902,139.6738828,ブゾウソウガッコウ,可,２Ｆ以上,可,,あり
指定緊急避難場所,災害の危険から命を守るために緊急的に避難する場所,沼影小学校,埼玉県さいたま市南区沼影2-8-36,35.83899255,139.6458661,ヌマカゲショウガッコウ,可,２Ｆ以上,可,,あり
指定緊急避難場所,災害の危険から命を守るために緊急的に避難する場所,大谷口小学校,埼玉県さいたま市南区広ヶ谷戸24,35.86246157,139.6831881,オオヤグチショウガッコウ,可,可,可,,あり
指定緊急避難場所,災害の危険から命を守るために緊急的に避難する場所,浦和大里小学校,埼玉県さいたま市南区別所7-14-28,35.84472715,139.6435392,ウラワオオサトショウガッコウ,可,２Ｆ以上,可,,あり
指定緊急避難場所,災害の危険から命を守るために緊急的に避難する場所,善前小学校,埼玉県さいたま市南区太田窪2500-1,35.85322775,139.6857782,ゼンマエショウガッコウ,可,可,可,,あり
指定緊急避難場所,災害の危険から命を守るために緊急的に避難する場所,向小学校,埼玉県さいたま市南区大谷口5437,35.85717693,139.6959235,ムカイショウガッコウ,可,可,可,,あり
指定緊急避難場所,災害の危険から命を守るために緊急的に避難する場所,辻南小学校,埼玉県さいたま市南区辻8-7-32,35.83148893,139.6651538,ツジミナミショウガッコウ,可,２Ｆ以上,可,,あり
指定緊急避難場所,災害の危険から命を守るために緊急的に避難する場所,岸中学校,埼玉県さいたま市南区南本町2-25-27,35.85004199,139.6646959,キシチュウガッコウ,可,可,可,,あり
指定緊急避難場所,災害の危険から命を守るために緊急的に避難する場所,南浦和中学校,埼玉県さいたま市南区辻6-1-33,35.83484142,139.657081,ミナミウラワチュウガッコウ,可,２Ｆ以上,可,,あり
指定緊急避難場所,災害の危険から命を守るために緊急的に避難する場所,白幡中学校,埼玉県さいたま市南区白幡2-18-13,35.8486859,139.6526959,シラハタチュウガッコウ,可,可,可,,あり
指定緊急避難場所,災害の危険から命を守るために緊急的に避難する場所,大谷場中学校,埼玉県さいたま市南区大谷場2-13-54,35.85339195,139.6742802,オオヤバチュウガッコウ,可,可,可,,あり
指定緊急避難場所,災害の危険から命を守るために緊急的に避難する場所,大谷口中学校,埼玉県さいたま市南区広ヶ谷戸21,35.86282877,139.6831625,オオヤグチチュウガッコウ,可,可,可,,あり
指定緊急避難場所,災害の危険から命を守るために緊急的に避難する場所,内谷中学校,埼玉県さいたま市南区内谷6-10-1,35.83518024,139.6477737,ウチヤチュウガッコウ,可,２Ｆ以上,可,,あり
指定緊急避難場所,災害の危険から命を守るために緊急的に避難する場所,浦和南高等学校,埼玉県さいたま市南区辻6-5-31,35.83260196,139.6573989,ウラワミナミコウトウガッコウ,可,２Ｆ以上,可,,あり
指定緊急避難場所,災害の危険から命を守るために緊急的に避難する場所,埼玉大学教育学部附属中学校,埼玉県さいたま市南区別所4-2-5,35.8556583,139.6431789,サイタマダイガクキョウイクガクブフゾクチュウガッコウ,可,可,可,,あり
指定緊急避難場所,災害の危険から命を守るために緊急的に避難する場所,浦和競馬場,埼玉県さいたま市南区大谷場1-8-42,35.85787444,139.6705434,ウラワケイバジョウ,可,不可,可,可,
指定緊急避難場所,災害の危険から命を守るために緊急的に避難する場所,別所沼公園,埼玉県さいたま市南区別所4-12,35.85617645,139.6407523,ベッショヌマコウエン,可,不可,可,,
指定緊急避難場所,災害の危険から命を守るために緊急的に避難する場所,舟山公園,埼玉県さいたま市南区南浦和3-38,35.84740929,139.6755093,フナヤマコウエン,可,不可,可,,
指定緊急避難場所,災害の危険から命を守るために緊急的に避難する場所,明花公園,埼玉県さいたま市南区大字大谷口5732,35.85465315,139.6937282,ミョウバナコウエン,可,不可,可,,
指定緊急避難場所,災害の危険から命を守るために緊急的に避難する場所,沼影公園,埼玉県さいたま市南区沼影2-7-35,35.84004302,139.6459304,ヌマカゲコウエン,可,不可,可,,
指定緊急避難場所,災害の危険から命を守るために緊急的に避難する場所,大谷口公園,埼玉県さいたま市南区大字大谷口5736-1,35.86028564,139.680272,オオヤグチコウエン,可,不可,可,,
指定緊急避難場所,災害の危険から命を守るために緊急的に避難する場所,三室小学校,埼玉県さいたま市緑区三室1994,35.88400412,139.6817485,ミムロショウガッコウ,可,可,可,,あり
指定緊急避難場所,災害の危険から命を守るために緊急的に避難する場所,尾間木小学校,埼玉県さいたま市緑区東浦和8-11-5,35.86912942,139.696889,オマギショウガッコウ,可,可,可,,あり
指定緊急避難場所,災害の危険から命を守るために緊急的に避難する場所,原山小学校,埼玉県さいたま市緑区原山1-30-12,35.86625555,139.6704362,ハラヤマショウガッコウ,可,可,可,,あり
指定緊急避難場所,災害の危険から命を守るために緊急的に避難する場所,大門小学校,埼玉県さいたま市緑区大門1189,35.88069441,139.7335706,ダイモンショウガッコウ,可,可,可,,あり
指定緊急避難場所,災害の危険から命を守るために緊急的に避難する場所,野田小学校,埼玉県さいたま市緑区上野田16,35.90018028,139.7039063,ノダショウガッコウ,可,可,可,,あり
指定緊急避難場所,災害の危険から命を守るために緊急的に避難する場所,道祖土小学校,埼玉県さいたま市緑区道祖土1-1-1,35.87464848,139.6686519,サイドショウガッコウ,可,可,可,,あり
指定緊急避難場所,災害の危険から命を守るために緊急的に避難する場所,中尾小学校,埼玉県さいたま市緑区中尾2596-1,35.86812698,139.6824773,ナカオショウガッコウ,可,可,可,,あり
指定緊急避難場所,災害の危険から命を守るために緊急的に避難する場所,大牧小学校,埼玉県さいたま市緑区東浦和6-12-3,35.87254416,139.7067728,オオマキショウガッコウ,可,可,可,,あり
指定緊急避難場所,災害の危険から命を守るために緊急的に避難する場所,芝原小学校,埼玉県さいたま市緑区芝原2-5,35.88186714,139.691495,シバハラショウガッコウ,可,可,可,,あり
指定緊急避難場所,災害の危険から命を守るために緊急的に避難する場所,美園小学校,埼玉県さいたま市緑区美園5-33,35.89062766,139.7349791,ミソノショウガッコウ,可,不可,可,,あり
指定緊急避難場所,災害の危険から命を守るために緊急的に避難する場所,美園北小学校,埼玉県さいたま市緑区美園2-12-11,35.901191,139.723027,ミソノキタショウガッコウ,可,不可,可,,あり
指定緊急避難場所,災害の危険から命を守るために緊急的に避難する場所,原山中学校,埼玉県さいたま市緑区太田窪1-10-22,35.86629095,139.6668412,ハラヤマチュウガッコウ,可,可,可,,あり
指定緊急避難場所,災害の危険から命を守るために緊急的に避難する場所,東浦和中学校,埼玉県さいたま市緑区中尾1207-1,35.87447283,139.6840767,ヒガシウラワチュウガッコウ,可,可,可,,あり
指定緊急避難場所,災害の危険から命を守るために緊急的に避難する場所,美園中学校,埼玉県さいたま市緑区大崎2550-3,35.89211964,139.7124791,ミソノチュウガッコウ,可,可,可,,あり
指定緊急避難場所,災害の危険から命を守るために緊急的に避難する場所,三室中学校,埼玉県さいたま市緑区馬場1-38-2,35.88682542,139.6842476,ミヌロチュウガッコウ,可,可,可,,あり
指定緊急避難場所,災害の危険から命を守るために緊急的に避難する場所,尾間木中学校,埼玉県さいたま市緑区東浦和4-29-1,35.86908342,139.6980681,オマギチュウガッコウ,可,可,可,,あり
指定緊急避難場所,災害の危険から命を守るために緊急的に避難する場所,美園南中学校,埼玉県さいたま市緑区美園6-15,35.8858923,139.736769,ミソノミナミチュウガッコウ,可,可,可,,あり
指定緊急避難場所,災害の危険から命を守るために緊急的に避難する場所,県立浦和東高等学校,埼玉県さいたま市緑区寺山365,35.90886791,139.7067369,ケンリツウラワヒガシコウトウガッコウ,可,不可,可,,あり
指定緊急避難場所,災害の危険から命を守るために緊急的に避難する場所,県立浦和特別支援学校,埼玉県さいたま市緑区大崎58,35.88189922,139.7157227,ケンリツウラワトクベツシエンガッコウ,可,不可,可,,あり
指定緊急避難場所,災害の危険から命を守るために緊急的に避難する場所,大崎公園,埼玉県さいたま市緑区大字大崎,35.88443278,139.7142301,オオサキコウエン,可,不可,可,,
指定緊急避難場所,災害の危険から命を守るために緊急的に避難する場所,東浦和中央公園,埼玉県さいたま市緑区東浦和4-4-1,35.86549,139.70126,ヒガシウラワチュウオウコウエン,可,可,可,,
指定緊急避難場所,災害の危険から命を守るために緊急的に避難する場所,松芝公園,埼玉県さいたま市緑区芝原2丁目4-2,35.88258991,139.6911135,マツシバコウエン,可,不可,可,,
指定緊急避難場所,災害の危険から命を守るために緊急的に避難する場所,井沼方公園,埼玉県さいたま市緑区東浦和2丁目15-1,35.86197296,139.7009698,イヌマカタコウエン,可,可,可,,
指定緊急避難場所,災害の危険から命を守るために緊急的に避難する場所,三浦運動公園,埼玉県さいたま市緑区大字三浦6836-1,35.89773553,139.6640011,ミウラウンドウコウエン,可,可,可,,
指定緊急避難場所,災害の危険から命を守るために緊急的に避難する場所,見沼臨時グラウンド,埼玉県さいたま市緑区大字新宿地内,35.89296738,139.6795486,ミヌマリンジグラウンド,可,不可,可,,
指定緊急避難場所,災害の危険から命を守るために緊急的に避難する場所,さぎ山記念公園・見沼自然公園,埼玉県さいたま市緑区大字上野田362-1,35.90696006,139.6997844,サギヤマシゼンコウエン・ミヌマシゼンコウエン,可,不可,可,可,
指定緊急避難場所,災害の危険から命を守るために緊急的に避難する場所,大間木公園,埼玉県さいたま市緑区大字大間木1947,35.86472985,139.7104533,オオマギコウエン,可,不可,可,,
指定緊急避難場所,災害の危険から命を守るために緊急的に避難する場所,見沼氷川公園,埼玉県さいたま市緑区大字見沼500,35.88597457,139.6944686,ミヌマヒカワコウエン,可,不可,可,,
指定緊急避難場所,災害の危険から命を守るために緊急的に避難する場所,美園臨時グラウンド,埼玉県さいたま市緑区大字大門2822-1,35.88640791,139.7306257,ミソノリンジグラウンド,可,可,可,,
指定緊急避難場所,災害の危険から命を守るために緊急的に避難する場所,美園台公園,埼玉県さいたま市緑区下野田550外,35.894651,139.724763,ミソノダイコウエン,可,不可,可,,
指定緊急避難場所,災害の危険から命を守るために緊急的に避難する場所,岩槻小学校,埼玉県さいたま市岩槻区本町5-6-45,35.95331729,139.6986444,イワツキショウガッコウ,可,可,可,,あり
指定緊急避難場所,災害の危険から命を守るために緊急的に避難する場所,太田小学校,埼玉県さいたま市岩槻区仲町1-17-3,35.9479966,139.7038766,オオタショウガッコウ,可,可,可,,あり
指定緊急避難場所,災害の危険から命を守るために緊急的に避難する場所,川通小学校,埼玉県さいたま市岩槻区大野島422-1,35.94191644,139.7310891,カワドオリショウガッコウ,可,２Ｆ以上,可,,あり
指定緊急避難場所,災害の危険から命を守るために緊急的に避難する場所,柏崎小学校,埼玉県さいたま市岩槻区柏崎762,35.9334352,139.7015702,カシワザキショウガッコウ,可,可,可,,あり
指定緊急避難場所,災害の危険から命を守るために緊急的に避難する場所,和土小学校,埼玉県さいたま市岩槻区黒谷1353,35.92621955,139.7205316,ワドショウガッコウ,可,可,可,,あり
指定緊急避難場所,災害の危険から命を守るために緊急的に避難する場所,新和小学校,埼玉県さいたま市岩槻区尾ヶ崎1252,35.91089962,139.7324861,ニイワショウガッコウ,可,可,可,,あり
指定緊急避難場所,災害の危険から命を守るために緊急的に避難する場所,慈恩寺小学校,埼玉県さいたま市岩槻区慈恩寺259,35.98135585,139.7082973,ジオンジショウガッコウ,可,可,可,,あり
指定緊急避難場所,災害の危険から命を守るために緊急的に避難する場所,河合小学校,埼玉県さいたま市岩槻区平林寺351,35.96740176,139.6717003,カワイショウガッコウ,可,可,可,,あり
指定緊急避難場所,災害の危険から命を守るために緊急的に避難する場所,東岩槻小学校,埼玉県さいたま市岩槻区諏訪2-6-1,35.97024383,139.7091566,ヒガシイワツキショウガコウ,可,可,可,,あり
指定緊急避難場所,災害の危険から命を守るために緊急的に避難する場所,城北小学校,埼玉県さいたま市岩槻区岩槻6619,35.96207629,139.6937085,ジョウホウクショウガッコウ,可,２Ｆ以上,可,,あり
指定緊急避難場所,災害の危険から命を守るために緊急的に避難する場所,徳力小学校,埼玉県さいたま市岩槻区徳力136-4,35.97410894,139.716556,トクリキショウガコウ,可,不可,可,,あり
指定緊急避難場所,災害の危険から命を守るために緊急的に避難する場所,上里小学校,埼玉県さいたま市岩槻区上里2-2,35.96533014,139.7042033,カミサトショウガッコウ,可,２Ｆ以上,可,,あり
指定緊急避難場所,災害の危険から命を守るために緊急的に避難する場所,西原小学校,埼玉県さいたま市岩槻区西原6-25,35.95277298,139.6835317,ニシハラショウガッコウ,可,可,可,,あり
指定緊急避難場所,災害の危険から命を守るために緊急的に避難する場所,城南小学校,埼玉県さいたま市岩槻区南下新井1191-1,35.93591304,139.7124382,ジョウナンショウガッコウ,可,可,可,,あり
指定緊急避難場所,災害の危険から命を守るために緊急的に避難する場所,岩槻中学校,埼玉県さいたま市岩槻区仲町1-14-35,35.94904704,139.7037544,イワツキチュウガッコウ,可,可,可,,あり
指定緊急避難場所,災害の危険から命を守るために緊急的に避難する場所,川通中学校,埼玉県さいたま市岩槻区長宮435,35.94778779,139.7313371,カワドオリチュウガッコウ,可,２Ｆ以上,可,,あり
指定緊急避難場所,災害の危険から命を守るために緊急的に避難する場所,城南中学校,埼玉県さいたま市岩槻区笹久保577,35.91495375,139.7270981,ジョウナンチュウガッコウ,可,可,可,,あり
指定緊急避難場所,災害の危険から命を守るために緊急的に避難する場所,慈恩寺中学校,埼玉県さいたま市岩槻区裏慈恩寺505,35.98522901,139.7048096,ジオンジチュウガッコウ,可,可,可,,あり
指定緊急避難場所,災害の危険から命を守るために緊急的に避難する場所,城北中学校,埼玉県さいたま市岩槻区本宿392-1,35.964755,139.689263,ジョウホクチュウガッコウ,可,２Ｆ以上,可,,あり
指定緊急避難場所,災害の危険から命を守るために緊急的に避難する場所,桜山中学校,埼玉県さいたま市岩槻区表慈恩寺684-1,35.97251358,139.7112006,サクラヤマチュウガッコウ,可,可,不可,,あり
指定緊急避難場所,災害の危険から命を守るために緊急的に避難する場所,柏陽中学校,埼玉県さいたま市岩槻区真福寺454,35.9358986,139.7029743,ハクヨウチュウガッコウ,可,可,可,,あり
指定緊急避難場所,災害の危険から命を守るために緊急的に避難する場所,西原中学校,埼玉県さいたま市岩槻区岩槻3750,35.95516469,139.6814821,ニシハラチュウガッコウ,可,可,可,,あり
指定緊急避難場所,災害の危険から命を守るために緊急的に避難する場所,県立岩槻商業高等学校,埼玉県さいたま市岩槻区太田1-4-1,35.95062774,139.7055918,ケンリツイワツキショウギョウコウトウガッコウ,可,可,可,,あり
指定緊急避難場所,災害の危険から命を守るために緊急的に避難する場所,県立岩槻高等学校,埼玉県さいたま市岩槻区城南1-3-38,35.94176389,139.7039359,ケンリツイワツキコウトウガッコウ,可,可,可,,あり
指定緊急避難場所,災害の危険から命を守るために緊急的に避難する場所,県立岩槻北陵高等学校,埼玉県さいたま市岩槻区慈恩寺117-2,35.97767104,139.7136874,ケンリツイワツキホクリョウコウトウガッコウ,可,不可,可,,あり
指定緊急避難場所,災害の危険から命を守るために緊急的に避難する場所,岩槻城址公園,埼玉県さいたま市岩槻区太田3-4,35.95117794,139.7108395,イワツキジョウシコウエン,可,不可,可,可,
指定緊急避難場所,災害の危険から命を守るために緊急的に避難する場所,岩槻文化公園,埼玉県さいたま市岩槻区村国229,35.944554,139.721772,イワツキブンカコウエン,可,不可,可,可,
指定緊急避難場所,災害の危険から命を守るために緊急的に避難する場所,岩槻諏訪公園,埼玉県さいたま市岩槻区諏訪4-4,35.96892891,139.7053879,イワツキスワコウエン,可,不可,可,,
指定緊急避難場所,災害の危険から命を守るために緊急的に避難する場所,北部工業団地記念公園,埼玉県さいたま市岩槻区大字古ヶ場1-2-1,35.978007,139.691868,ホクブコウギョウダンチキネンコウエン,可,不可,可,,
指定緊急避難場所,災害の危険から命を守るために緊急的に避難する場所,和土住宅公園,埼玉県さいたま市岩槻区大字黒谷636-1,35.92562925,139.7268889,ワドジュウタクコウエン,可,不可,可,,
指定緊急避難場所,災害の危険から命を守るために緊急的に避難する場所,南平野公園,埼玉県さいたま市岩槻区南平野2丁目26,35.95545326,139.7175736,ミナミヒラノコウエン,可,不可,可,,
指定緊急避難場所,災害の危険から命を守るために緊急的に避難する場所,慈恩寺親水公園,埼玉県さいたま市岩槻区大字小溝459-1,35.97954657,139.7161027,ジオンジシンスイコウエン,可,不可,可,,
指定緊急避難場所,災害の危険から命を守るために緊急的に避難する場所,川通公園,埼玉県さいたま市岩槻区大字長宮825-5,35.95181616,139.728461,カワドオリコウエン,可,不可,可,,
指定緊急避難場所,災害の危険から命を守るために緊急的に避難する場所,開智学園,埼玉県さいたま市岩槻区大字徳力186,35.97221485,139.7133333,カイチガクエン,可,不可,可,,
