さいたま市町名別人口,2022/1/31,,,,,,
区名コード,区名,町名,町名カナ,町別世帯数,町別男性人口,町別女性人口,町別人口
11101,西区　　　               ,宮前町　　　　　　　,ミヤマエチヨウ　　　,1520,1723,1711,3434
11101,西区　　　               ,三橋５丁目　　　　　,ミハシ５チヨウメ　　,1669,1743,1731,3474
11101,西区　　　               ,三橋６丁目　　　　　,ミハシ６チヨウメ　　,4321,4900,4919,9819
11101,西区　　　               ,大字指扇　　　　　　,サシオウギ　　　　　,8084,8707,8911,17618
11101,西区　　　               ,大字指扇領別所　　　,サシオウギリヨウ　　,1326,1268,1359,2627
11101,西区　　　               ,大字宝来　　　　　　,ホウライ　　　　　　,1822,1836,1940,3776
11101,西区　　　               ,大字峰岸　　　　　　,ミネギシ　　　　　　,306,276,318,594
11101,西区　　　               ,大字指扇領辻　　　　,サシオウギリヨウ　　,174,204,194,398
11101,西区　　　               ,大字中釘　　　　　　,ナカクギ　　　　　　,847,906,964,1870
11101,西区　　　               ,大字高木　　　　　　,タカギ　　　　　　　,1252,1358,1414,2772
11101,西区　　　               ,大字清河寺　　　　　,セイガンジ　　　　　,563,559,609,1168
11101,西区　　　               ,大字内野本郷　　　　,ウチノホンゴウ　　　,2389,2786,2723,5509
11101,西区　　　               ,大字西新井　　　　　,ニシアライ　　　　　,271,296,303,599
11101,西区　　　               ,大字平方領々家　　　,ヒラカタリヨウリヨ　,116,151,145,296
11101,西区　　　               ,大字西遊馬　　　　　,ニシアスマ　　　　　,2095,2203,2233,4436
11101,西区　　　               ,大字土屋　　　　　　,ツチヤ　　　　　　　,1620,1655,1684,3339
11101,西区　　　               ,大字二ツ宮　　　　　,フタツミヤ　　　　　,923,1013,1077,2090
11101,西区　　　               ,大字飯田新田　　　　,イイダシンデン　　　,464,518,489,1007
11101,西区　　　               ,大字塚本　　　　　　,ツカモト　　　　　　,18,16,16,32
11101,西区　　　               ,大字植田谷本村新田　,ウエタヤホンムラシン,7,6,6,12
11101,西区　　　               ,湯木町１丁目　　　　,ユギチヨウ１チヨウメ,39,45,49,94
11101,西区　　　               ,湯木町２丁目　　　　,ユギチヨウ２チヨウメ,47,53,54,107
11101,西区　　　               ,塚本町１丁目　　　　,ツカモトチヨウ１チヨ,30,30,29,59
11101,西区　　　               ,塚本町２丁目　　　　,ツカモトチヨウ２チヨ,48,58,55,113
11101,西区　　　               ,塚本町３丁目　　　　,ツカモトチヨウ３チヨ,60,74,74,148
11101,西区　　　               ,プラザ　　　　　　　,プラザ　　　　　　　,1501,1599,1740,3339
11101,西区　　　               ,大字島根　　　　　　,シマネ　　　　　　　,494,551,575,1126
11101,西区　　　               ,大字三条町　　　　　,サンジヨウチヨウ　　,209,244,250,494
11101,西区　　　               ,大字植田谷本　　　　,ウエタヤホン　　　　,1263,1201,1249,2450
11101,西区　　　               ,大字中野林　　　　　,ナカノバヤシ　　　　,925,1058,1061,2119
11101,西区　　　               ,大字飯田　　　　　　,イイダ　　　　　　　,449,552,536,1088
11101,西区　　　               ,大字水判土　　　　　,ミズハタ　　　　　　,650,729,767,1496
11101,西区　　　               ,大字佐知川　　　　　,サヂカワ　　　　　　,3302,3675,3795,7470
11101,西区　　　               ,西大宮１丁目　　　　,ニシオオミヤ１チヨウ,992,1043,1073,2116
11101,西区　　　               ,西大宮２丁目　　　　,ニシオオミヤ２チヨウ,561,740,736,1476
11101,西区　　　               ,西大宮３丁目　　　　,ニシオオミヤ３チヨウ,1285,1578,1571,3149
11101,西区　　　               ,西大宮４丁目　　　　,ニシオオミヤ４チヨウ,860,1248,1219,2467
11102,北区　　　               ,大成町４丁目　　　　,オオナリチヨウ４チヨ,2958,3117,3235,6352
11102,北区　　　               ,東大成町１丁目　　　,ヒガシオオナリチヨウ,2476,2261,2232,4493
11102,北区　　　               ,東大成町２丁目　　　,ヒガシオオナリチヨウ,2633,2807,2928,5735
11102,北区　　　               ,日進町１丁目　　　　,ニツシンチヨウ１チヨ,4958,5436,4772,10208
11102,北区　　　               ,日進町２丁目　　　　,ニツシンチヨウ２チヨ,7471,7512,8057,15569
11102,北区　　　               ,日進町３丁目　　　　,ニツシンチヨウ３チヨ,2845,2811,2881,5692
11102,北区　　　               ,＿引町２丁目　　　　,クシヒキチヨウ２チヨ,2292,2492,2570,5062
11102,北区　　　               ,宮原町１丁目　　　　,ミヤハラチヨウ１チヨ,4657,5319,5546,10865
11102,北区　　　               ,宮原町２丁目　　　　,ミヤハラチヨウ２チヨ,3204,3258,3089,6347
11102,北区　　　               ,宮原町３丁目　　　　,ミヤハラチヨウ３チヨ,3351,3719,3824,7543
11102,北区　　　               ,宮原町４丁目　　　　,ミヤハラチヨウ４チヨ,3090,3287,3190,6477
11102,北区　　　               ,吉野町１丁目　　　　,ヨシノチヨウ１チヨウ,3219,3616,3472,7088
11102,北区　　　               ,吉野町２丁目　　　　,ヨシノチヨウ２チヨウ,1955,2116,2051,4167
11102,北区　　　               ,別所町　　　　　　　,ベツシヨチヨウ　　　,2654,2981,3046,6027
11102,北区　　　               ,奈良町　　　　　　　,ナラチヨウ　　　　　,4491,4809,4746,9555
11102,北区　　　               ,植竹町１丁目　　　　,ウエタケチヨウ１チヨ,2353,2452,2567,5019
11102,北区　　　               ,植竹町２丁目　　　　,ウエタケチヨウ２チヨ,771,587,823,1410
11102,北区　　　               ,盆栽町　　　　　　　,ボンサイチヨウ　　　,1859,1846,1991,3837
11102,北区　　　               ,土呂町　　　　　　　,トロチヨウ　　　　　,302,263,251,514
11102,北区　　　               ,土呂町１丁目　　　　,トロチヨウ１チヨウメ,3075,3046,3224,6270
11102,北区　　　               ,土呂町２丁目　　　　,トロチヨウ２チヨウメ,2891,2741,2858,5599
11102,北区　　　               ,今羽町　　　　　　　,コンバチヨウ　　　　,1841,1946,1989,3935
11102,北区　　　               ,本郷町　　　　　　　,ホンゴウチヨウ　　　,5149,5743,5904,11647
11103,大宮区　　               ,大原６丁目　　　　　,オオハラ６チヨウメ　,200,212,225,437
11103,大宮区　　               ,大原７丁目　　　　　,オオハラ７チヨウメ　,249,225,259,484
11103,大宮区　　               ,北袋町１丁目　　　　,キタブクロチヨウ１チ,2093,2394,2585,4979
11103,大宮区　　               ,北袋町２丁目　　　　,キタブクロチヨウ２チ,1470,1619,1506,3125
11103,大宮区　　               ,吉敷町１丁目　　　　,キシキチヨウ１チヨウ,653,661,656,1317
11103,大宮区　　               ,吉敷町２丁目　　　　,キシキチヨウ２チヨウ,866,806,785,1591
11103,大宮区　　               ,吉敷町３丁目　　　　,キシキチヨウ３チヨウ,690,628,664,1292
11103,大宮区　　               ,吉敷町４丁目　　　　,キシキチヨウ４チヨウ,789,587,700,1287
11103,大宮区　　               ,浅間町１丁目　　　　,センゲンチヨウ１チヨ,662,583,604,1187
11103,大宮区　　               ,浅間町２丁目　　　　,センゲンチヨウ１チヨ,703,754,750,1504
11103,大宮区　　               ,天沼町１丁目　　　　,アマヌマチヨウ１チヨ,2257,2237,2260,4497
11103,大宮区　　               ,天沼町２丁目　　　　,アマヌマチヨウ２チヨ,2337,2466,2547,5013
11103,大宮区　　               ,堀の内町１丁目　　　,ホリノウチチヨウ１チ,2329,2207,2396,4603
11103,大宮区　　               ,堀の内町２丁目　　　,ホリノウチチヨウ２チ,908,935,937,1872
11103,大宮区　　               ,堀の内町３丁目　　　,ホリノウチチヨウ３チ,1030,1033,1086,2119
11103,大宮区　　               ,寿能町１丁目　　　　,ジユノウチヨウ１チヨ,806,709,765,1474
11103,大宮区　　               ,寿能町２丁目　　　　,ジユノウチヨウ２チヨ,1476,1385,1603,2988
11103,大宮区　　               ,高鼻町１丁目　　　　,タカハナチヨウ１チヨ,994,949,1042,1991
11103,大宮区　　               ,高鼻町２丁目　　　　,タカハナチヨウ２チヨ,677,710,704,1414
11103,大宮区　　               ,高鼻町３丁目　　　　,タカハナチヨウ３チヨ,317,307,338,645
11103,大宮区　　               ,高鼻町４丁目　　　　,タカハナチヨウ４チヨ,4,2,5,7
11103,大宮区　　               ,土手町１丁目　　　　,ドテチヨウ１チヨウメ,1235,1105,1091,2196
11103,大宮区　　               ,土手町２丁目　　　　,ドテチヨウ２チヨウメ,400,390,398,788
11103,大宮区　　               ,土手町３丁目　　　　,ドテチヨウ３チヨウメ,760,707,683,1390
11103,大宮区　　               ,宮町１丁目　　　　　,ミヤチヨウ１チヨウメ,115,77,79,156
11103,大宮区　　               ,宮町２丁目　　　　　,ミヤチヨウ２チヨウメ,221,195,174,369
11103,大宮区　　               ,宮町３丁目　　　　　,ミヤチヨウ３チヨウメ,474,424,386,810
11103,大宮区　　               ,宮町４丁目　　　　　,ミヤチヨウ４チヨウメ,708,523,419,942
11103,大宮区　　               ,宮町５丁目　　　　　,ミヤチヨウ５チヨウメ,479,357,247,604
11103,大宮区　　               ,大門町１丁目　　　　,ダイモンチヨウ１チヨ,12,8,12,20
11103,大宮区　　               ,大門町２丁目　　　　,ダイモンチヨウ２チヨ,21,20,22,42
11103,大宮区　　               ,大門町３丁目　　　　,ダイモンチヨウ３チヨ,738,709,734,1443
11103,大宮区　　               ,仲町１丁目　　　　　,ナカチヨウ１チヨウメ,34,33,23,56
11103,大宮区　　               ,仲町２丁目　　　　　,ナカチヨウ２チヨウメ,49,42,33,75
11103,大宮区　　               ,仲町３丁目　　　　　,ナカチヨウ３チヨウメ,369,301,283,584
11103,大宮区　　               ,下町１丁目　　　　　,シモチヨウ１チヨウメ,188,176,196,372
11103,大宮区　　               ,下町２丁目　　　　　,シモチヨウ２チヨウメ,208,178,134,312
11103,大宮区　　               ,下町３丁目　　　　　,シモチヨウ３チヨウメ,1181,1336,1443,2779
11103,大宮区　　               ,東町１丁目　　　　　,アズマチヨウ１チヨウ,819,782,784,1566
11103,大宮区　　               ,東町２丁目　　　　　,アズマチヨウ２チヨウ,868,815,818,1633
11103,大宮区　　               ,桜木町１丁目　　　　,サクラギチヨウ１チヨ,667,665,739,1404
11103,大宮区　　               ,桜木町２丁目　　　　,サクラギチヨウ２チヨ,845,685,650,1335
11103,大宮区　　               ,桜木町３丁目　　　　,サクラギチヨウ３チヨ,620,590,588,1178
11103,大宮区　　               ,桜木町４丁目　　　　,サクラギチヨウ４チヨ,3055,3045,3023,6068
11103,大宮区　　               ,錦町　　　　　　　　,ニシキチヨウ　　　　,1,2,1,3
11103,大宮区　　               ,大成町１丁目　　　　,オオナリチヨウ１チヨ,2171,2126,2093,4219
11103,大宮区　　               ,大成町２丁目　　　　,オオナリチヨウ２チヨ,1622,1696,1704,3400
11103,大宮区　　               ,大成町３丁目　　　　,オオナリチヨウ３チヨ,2223,2253,2232,4485
11103,大宮区　　               ,＿引町１丁目　　　　,クシヒキチヨウ１チヨ,3129,3334,3419,6753
11103,大宮区　　               ,三橋１丁目　　　　　,ミハシ１チヨウメ　　,4159,4643,4744,9387
11103,大宮区　　               ,三橋２丁目　　　　　,ミハシ２チヨウメ　　,2831,3166,3041,6207
11103,大宮区　　               ,三橋３丁目　　　　　,ミハシ３チヨウメ　　,831,864,840,1704
11103,大宮区　　               ,三橋４丁目　　　　　,ミハシ４チヨウメ　　,2447,2603,2624,5227
11103,大宮区　　               ,上小町　　　　　　　,カミコチヨウ　　　　,5014,4956,5011,9967
11104,見沼区　　               ,大和田町１丁目　　　,オオワダチヨウ１チヨ,4255,4319,4387,8706
11104,見沼区　　               ,大和田町２丁目　　　,オオワダチヨウ２チヨ,3627,3853,4092,7945
11104,見沼区　　               ,大字砂　　　　　　　,スナ　　　　　　　　,4,3,1,4
11104,見沼区　　               ,砂町２丁目　　　　　,スナチヨウ２チヨウメ,1,1,0,1
11104,見沼区　　               ,堀崎町　　　　　　　,ホリサキチヨウ　　　,3712,4083,4147,8230
11104,見沼区　　               ,島町　　　　　　　　,シマチヨウ　　　　　,2179,2403,2536,4939
11104,見沼区　　               ,島町１丁目　　　　　,シマチヨウ１チヨウメ,194,257,259,516
11104,見沼区　　               ,島町２丁目　　　　　,シマチヨウ２チヨウメ,159,251,227,478
11104,見沼区　　               ,東大宮１丁目　　　　,ヒガシオオミヤ１チヨ,1442,1511,1509,3020
11104,見沼区　　               ,東大宮２丁目　　　　,ヒガシオオミヤ２チヨ,1398,1372,1406,2778
11104,見沼区　　               ,東大宮３丁目　　　　,ヒガシオオミヤ３チヨ,1221,1145,1361,2506
11104,見沼区　　               ,東大宮４丁目　　　　,ヒガシオオミヤ４チヨ,2748,2581,2582,5163
11104,見沼区　　               ,東大宮５丁目　　　　,ヒガシオオミヤ５チヨ,1833,1602,1636,3238
11104,見沼区　　               ,東大宮６丁目　　　　,ヒガシオオミヤ６チヨ,1950,1943,1891,3834
11104,見沼区　　               ,東大宮７丁目　　　　,ヒガシオオミヤ７チヨ,2406,2483,2431,4914
11104,見沼区　　               ,大字片柳　　　　　　,カタヤナギ　　　　　,817,846,865,1711
11104,見沼区　　               ,片柳１丁目　　　　　,カタヤナギ１チヨウメ,174,187,189,376
11104,見沼区　　               ,片柳２丁目　　　　　,カタヤナギ２チヨウメ,55,65,64,129
11104,見沼区　　               ,片柳東　　　　　　　,カタヤナギヒガシ　　,5,10,7,17
11104,見沼区　　               ,大字山　　　　　　　,ヤマ　　　　　　　　,226,245,277,522
11104,見沼区　　               ,大字染谷　　　　　　,ソメヤ　　　　　　　,271,332,294,626
11104,見沼区　　               ,染谷１丁目　　　　　,ソメヤ１チヨウメ　　,94,112,114,226
11104,見沼区　　               ,染谷２丁目　　　　　,ソメヤ２チヨウメ　　,83,87,69,156
11104,見沼区　　               ,染谷３丁目　　　　　,ソメヤ３チヨウメ　　,325,335,348,683
11104,見沼区　　               ,大字東新井　　　　　,ヒガシアライ　　　　,2008,1972,2129,4101
11104,見沼区　　               ,大字笹丸　　　　　　,ササマル　　　　　　,126,134,129,263
11104,見沼区　　               ,大字御蔵　　　　　　,ミクラ　　　　　　　,2881,3221,3282,6503
11104,見沼区　　               ,大字南中野　　　　　,ミナミナカノ　　　　,3391,3693,3860,7553
11104,見沼区　　               ,大字南中丸　　　　　,ミナミナカマル　　　,4327,4845,5010,9855
11104,見沼区　　               ,大字中川　　　　　　,ナカガワ　　　　　　,3567,3963,4082,8045
11104,見沼区　　               ,大字上山口新田　　　,カミヤマグチシンデン,345,371,373,744
11104,見沼区　　               ,大字西山村新田　　　,ニシヤマムラシンデン,24,21,23,44
11104,見沼区　　               ,大字新右エ門新田　　,シンウエモンシンデン,38,53,33,86
11104,見沼区　　               ,大字加田屋新田　　　,カタヤシンデン　　　,1,1,2,3
11104,見沼区　　               ,加田屋１丁目　　　　,カタヤ１チヨウメ　　,3,1,3,4
11104,見沼区　　               ,加田屋２丁目　　　　,カタヤ２チヨウメ　　,1,1,0,1
11104,見沼区　　               ,大字西山新田　　　　,ニシヤマシンデン　　,4,4,2,6
11104,見沼区　　               ,大字見山　　　　　　,ミヤマ　　　　　　　,2,1,1,2
11104,見沼区　　               ,大字膝子　　　　　　,ヒザコ　　　　　　　,288,330,333,663
11104,見沼区　　               ,大字大谷　　　　　　,オオヤ　　　　　　　,4469,4699,4712,9411
11104,見沼区　　               ,大字蓮沼　　　　　　,ハスヌマ　　　　　　,4691,5284,5450,10734
11104,見沼区　　               ,大字風渡野　　　　　,フツトノ　　　　　　,2103,2078,2213,4291
11104,見沼区　　               ,大字東門前　　　　　,ヒガシモンゼン　　　,1909,2022,1976,3998
11104,見沼区　　               ,大字東宮下　　　　　,ヒガシミヤシタ　　　,1660,1644,1858,3502
11104,見沼区　　               ,東宮下１丁目　　　　,ヒガシミヤシタ１チヨ,92,82,96,178
11104,見沼区　　               ,東宮下２丁目　　　　,ヒガシミヤシタ２チヨ,204,229,227,456
11104,見沼区　　               ,東宮下３丁目　　　　,ヒガシミヤシタ３チヨ,41,50,51,101
11104,見沼区　　               ,大字新堤　　　　　　,ニイヅツミ　　　　　,1486,1392,1520,2912
11104,見沼区　　               ,大字深作　　　　　　,フカサク　　　　　　,306,326,335,661
11104,見沼区　　               ,深作１丁目　　　　　,フカサク１チヨウメ　,633,800,763,1563
11104,見沼区　　               ,深作２丁目　　　　　,フカサク２チヨウメ　,477,578,544,1122
11104,見沼区　　               ,深作３丁目　　　　　,フカサク３チヨウメ　,679,835,781,1616
11104,見沼区　　               ,深作５丁目　　　　　,フカサク５チヨウメ　,97,129,114,243
11104,見沼区　　               ,春野１丁目　　　　　,ハルノ１チヨウメ　　,1655,1728,1889,3617
11104,見沼区　　               ,春野２丁目　　　　　,ハルノ２チヨウメ　　,441,358,421,779
11104,見沼区　　               ,春野３丁目　　　　　,ハルノ３チヨウメ　　,625,733,754,1487
11104,見沼区　　               ,春野４丁目　　　　　,ハルノ４チヨウメ　　,567,909,905,1814
11104,見沼区　　               ,大字丸ヶ崎　　　　　,マルガサキ　　　　　,668,855,808,1663
11104,見沼区　　               ,丸ヶ崎町　　　　　　,マルガサキチヨウ　　,1325,1432,1312,2744
11104,見沼区　　               ,大字宮ヶ谷塔　　　　,ミヤガヤトウ　　　　,72,71,71,142
11104,見沼区　　               ,宮ヶ谷塔１丁目　　　,ミヤガヤトウ１チヨウ,46,53,60,113
11104,見沼区　　               ,宮ヶ谷塔２丁目　　　,ミヤガヤトウ２チヨウ,3,4,5,9
11104,見沼区　　               ,宮ヶ谷塔３丁目　　　,ミヤガヤトウ３チヨウ,141,154,156,310
11104,見沼区　　               ,宮ヶ谷塔４丁目　　　,ミヤガヤトウ４チヨウ,40,41,31,72
11104,見沼区　　               ,大字小深作　　　　　,コフカサク　　　　　,2774,2918,2976,5894
11104,見沼区　　               ,卸町２丁目　　　　　,オロシマチ２チヨウメ,49,14,35,49
11104,見沼区　　               ,春岡１丁目　　　　　,ハルオカ１チヨウメ　,631,800,818,1618
11104,見沼区　　               ,春岡２丁目　　　　　,ハルオカ２チヨウメ　,938,1147,1147,2294
11104,見沼区　　               ,春岡３丁目　　　　　,ハルオカ３チヨウメ　,1182,1457,1347,2804
11105,中央区　　               ,上落合１丁目　　　　,カミオチアイ１チヨウ,1458,1505,1699,3204
11105,中央区　　               ,上落合２丁目　　　　,カミオチアイ２チヨウ,1660,1778,1952,3730
11105,中央区　　               ,上落合３丁目　　　　,カミオチアイ３チヨウ,1115,1069,1095,2164
11105,中央区　　               ,上落合４丁目　　　　,カミオチアイ４チヨウ,411,406,418,824
11105,中央区　　               ,上落合５丁目　　　　,カミオチアイ５チヨウ,985,968,941,1909
11105,中央区　　               ,上落合６丁目　　　　,カミオチアイ６チヨウ,1129,1409,1449,2858
11105,中央区　　               ,上落合７丁目　　　　,カミオチアイ７チヨウ,1087,1224,1315,2539
11105,中央区　　               ,上落合８丁目　　　　,カミオチアイ８チヨウ,871,789,852,1641
11105,中央区　　               ,上落合９丁目　　　　,カミオチアイ９チヨウ,635,579,572,1151
11105,中央区　　               ,大字下落合　　　　　,シモオチアイ　　　　,1838,1862,2056,3918
11105,中央区　　               ,下落合２丁目　　　　,シモオチアイ２チヨウ,955,888,964,1852
11105,中央区　　               ,下落合３丁目　　　　,シモオチアイ３チヨウ,1057,934,1067,2001
11105,中央区　　               ,下落合４丁目　　　　,シモオチアイ４チヨウ,850,768,774,1542
11105,中央区　　               ,下落合５丁目　　　　,シモオチアイ５チヨウ,742,692,693,1385
11105,中央区　　               ,下落合６丁目　　　　,シモオチアイ６チヨウ,1069,926,930,1856
11105,中央区　　               ,下落合７丁目　　　　,シモオチアイ７チヨウ,771,720,738,1458
11105,中央区　　               ,鈴谷１丁目　　　　　,スズヤ１チヨウメ　　,93,82,87,169
11105,中央区　　               ,鈴谷２丁目　　　　　,スズヤ２チヨウメ　　,688,688,720,1408
11105,中央区　　               ,鈴谷３丁目　　　　　,スズヤ３チヨウメ　　,739,702,691,1393
11105,中央区　　               ,鈴谷４丁目　　　　　,スズヤ４チヨウメ　　,1419,1415,1485,2900
11105,中央区　　               ,鈴谷５丁目　　　　　,スズヤ５チヨウメ　　,521,512,492,1004
11105,中央区　　               ,鈴谷６丁目　　　　　,スズヤ６チヨウメ　　,624,687,657,1344
11105,中央区　　               ,鈴谷７丁目　　　　　,スズヤ７チヨウメ　　,1244,1373,1443,2816
11105,中央区　　               ,鈴谷８丁目　　　　　,スズヤ８チヨウメ　　,541,507,484,991
11105,中央区　　               ,鈴谷９丁目　　　　　,スズヤ９チヨウメ　　,163,130,105,235
11105,中央区　　               ,大戸１丁目　　　　　,オオト１チヨウメ　　,1072,1158,1097,2255
11105,中央区　　               ,大戸２丁目　　　　　,オオト２チヨウメ　　,445,466,443,909
11105,中央区　　               ,大戸３丁目　　　　　,オオト３チヨウメ　　,561,635,631,1266
11105,中央区　　               ,大戸４丁目　　　　　,オオト４チヨウメ　　,809,924,900,1824
11105,中央区　　               ,大戸５丁目　　　　　,オオト５チヨウメ　　,1075,1051,1110,2161
11105,中央区　　               ,大戸６丁目　　　　　,オオト６チヨウメ　　,671,671,675,1346
11105,中央区　　               ,八王子１丁目　　　　,ハチオウジ１チヨウメ,127,101,108,209
11105,中央区　　               ,八王子２丁目　　　　,ハチオウジ２チヨウメ,413,454,515,969
11105,中央区　　               ,八王子３丁目　　　　,ハチオウジ３チヨウメ,868,1019,958,1977
11105,中央区　　               ,八王子４丁目　　　　,ハチオウジ４チヨウメ,277,303,317,620
11105,中央区　　               ,八王子５丁目　　　　,ハチオウジ５チヨウメ,807,834,881,1715
11105,中央区　　               ,上峰１丁目　　　　　,ウエミネ１チヨウメ　,802,765,755,1520
11105,中央区　　               ,上峰２丁目　　　　　,ウエミネ２チヨウメ　,951,931,931,1862
11105,中央区　　               ,上峰３丁目　　　　　,ウエミネ３チヨウメ　,754,714,681,1395
11105,中央区　　               ,上峰４丁目　　　　　,ウエミネ４チヨウメ　,537,481,498,979
11105,中央区　　               ,円阿弥１丁目　　　　,エンナミ１チヨウメ　,23,37,43,80
11105,中央区　　               ,円阿弥２丁目　　　　,エンナミ２チヨウメ　,259,325,326,651
11105,中央区　　               ,円阿弥３丁目　　　　,エンナミ３チヨウメ　,124,115,130,245
11105,中央区　　               ,円阿弥４丁目　　　　,エンナミ４チヨウメ　,512,565,556,1121
11105,中央区　　               ,円阿弥５丁目　　　　,エンナミ５チヨウメ　,647,858,858,1716
11105,中央区　　               ,円阿弥６丁目　　　　,エンナミ６チヨウメ　,65,71,73,144
11105,中央区　　               ,円阿弥７丁目　　　　,エンナミ７チヨウメ　,268,292,269,561
11105,中央区　　               ,桜丘１丁目　　　　　,サクラオカ１チヨウメ,675,751,771,1522
11105,中央区　　               ,桜丘２丁目　　　　　,サクラオカ２チヨウメ,468,535,534,1069
11105,中央区　　               ,本町西１丁目　　　　,ホンマチニシ１チヨウ,683,656,657,1313
11105,中央区　　               ,本町西２丁目　　　　,ホンマチニシ２チヨウ,512,524,533,1057
11105,中央区　　               ,本町西３丁目　　　　,ホンマチニシ３チヨウ,879,876,893,1769
11105,中央区　　               ,本町西４丁目　　　　,ホンマチニシ４チヨウ,684,755,741,1496
11105,中央区　　               ,本町西５丁目　　　　,ホンマチニシ５チヨウ,495,671,685,1356
11105,中央区　　               ,本町西６丁目　　　　,ホンマチニシ６チヨウ,158,164,186,350
11105,中央区　　               ,本町東１丁目　　　　,ホンマチヒガシ１チヨ,564,510,556,1066
11105,中央区　　               ,本町東２丁目　　　　,ホンマチヒガシ２チヨ,675,557,551,1108
11105,中央区　　               ,本町東３丁目　　　　,ホンマチヒガシ３チヨ,615,598,563,1161
11105,中央区　　               ,本町東４丁目　　　　,ホンマチヒガシ４チヨ,939,879,911,1790
11105,中央区　　               ,本町東５丁目　　　　,ホンマチヒガシ５チヨ,789,771,790,1561
11105,中央区　　               ,本町東６丁目　　　　,ホンマチヒガシ６チヨ,496,551,549,1100
11105,中央区　　               ,本町東７丁目　　　　,ホンマチヒガシ７チヨ,1356,1578,1556,3134
11105,中央区　　               ,新中里１丁目　　　　,シンナカザト１チヨウ,917,1059,1106,2165
11105,中央区　　               ,新中里２丁目　　　　,シンナカザト２チヨウ,669,655,693,1348
11105,中央区　　               ,新中里３丁目　　　　,シンナカザト３チヨウ,720,765,760,1525
11105,中央区　　               ,新中里４丁目　　　　,シンナカザト４チヨウ,1063,1209,1217,2426
11105,中央区　　               ,新中里５丁目　　　　,シンナカザト５チヨウ,1165,1180,1243,2423
11105,中央区　　               ,新都心　　　　　　　,シントシン　　　　　,51,23,30,53
11106,桜区　　　               ,西堀１丁目　　　　　,ニシボリ１チヨウメ　,396,382,368,750
11106,桜区　　　               ,西堀２丁目　　　　　,ニシボリ２チヨウメ　,1057,1103,1075,2178
11106,桜区　　　               ,西堀３丁目　　　　　,ニシボリ３チヨウメ　,979,1011,1014,2025
11106,桜区　　　               ,西堀４丁目　　　　　,ニシボリ４チヨウメ　,1288,1353,1410,2763
11106,桜区　　　               ,西堀５丁目　　　　　,ニシボリ５チヨウメ　,528,621,596,1217
11106,桜区　　　               ,西堀６丁目　　　　　,ニシボリ６チヨウメ　,1001,1123,1031,2154
11106,桜区　　　               ,西堀７丁目　　　　　,ニシボリ７チヨウメ　,1079,1194,1146,2340
11106,桜区　　　               ,西堀８丁目　　　　　,ニシボリ８チヨウメ　,830,851,846,1697
11106,桜区　　　               ,西堀９丁目　　　　　,ニシボリ９チヨウメ　,710,737,750,1487
11106,桜区　　　               ,西堀１０丁目　　　　,ニシボリ１０チヨウメ,381,389,393,782
11106,桜区　　　               ,田島１丁目　　　　　,タジマ１チヨウメ　　,767,786,790,1576
11106,桜区　　　               ,田島２丁目　　　　　,タジマ２チヨウメ　　,669,645,657,1302
11106,桜区　　　               ,田島３丁目　　　　　,タジマ３チヨウメ　　,1140,1241,1211,2452
11106,桜区　　　               ,田島４丁目　　　　　,タジマ４チヨウメ　　,1190,1185,1134,2319
11106,桜区　　　               ,田島５丁目　　　　　,タジマ５チヨウメ　　,769,675,643,1318
11106,桜区　　　               ,田島６丁目　　　　　,タジマ６チヨウメ　　,1650,1276,1385,2661
11106,桜区　　　               ,田島７丁目　　　　　,タジマ７チヨウメ　　,83,84,97,181
11106,桜区　　　               ,田島８丁目　　　　　,タジマ８チヨウメ　　,267,279,225,504
11106,桜区　　　               ,田島９丁目　　　　　,タジマ９チヨウメ　　,284,248,211,459
11106,桜区　　　               ,田島１０丁目　　　　,タジマ１０チヨウメ　,649,799,765,1564
11106,桜区　　　               ,新開１丁目　　　　　,シビラキ１チヨウメ　,535,553,529,1082
11106,桜区　　　               ,新開２丁目　　　　　,シビラキ２チヨウメ　,220,239,217,456
11106,桜区　　　               ,新開３丁目　　　　　,シビラキ３チヨウメ　,19,11,13,24
11106,桜区　　　               ,大字道場　　　　　　,ドウジヨウ　　　　　,7,8,3,11
11106,桜区　　　               ,道場１丁目　　　　　,ドウジヨウ１チヨウメ,354,354,337,691
11106,桜区　　　               ,道場２丁目　　　　　,ドウジヨウ２チヨウメ,1405,1728,1730,3458
11106,桜区　　　               ,道場３丁目　　　　　,ドウジヨウ３チヨウメ,445,490,446,936
11106,桜区　　　               ,大字町谷　　　　　　,マチヤ　　　　　　　,2,2,0,2
11106,桜区　　　               ,町谷１丁目　　　　　,マチヤ１チヨウメ　　,422,510,488,998
11106,桜区　　　               ,町谷２丁目　　　　　,マチヤ２チヨウメ　　,414,400,438,838
11106,桜区　　　               ,町谷３丁目　　　　　,マチヤ３チヨウメ　　,761,774,749,1523
11106,桜区　　　               ,町谷４丁目　　　　　,マチヤ４チヨウメ　　,397,433,368,801
11106,桜区　　　               ,南元宿１丁目　　　　,ミナミモトジユク１チ,568,607,588,1195
11106,桜区　　　               ,南元宿２丁目　　　　,ミナミモトジユク２チ,1143,1205,1225,2430
11106,桜区　　　               ,中島１丁目　　　　　,ナカジマ１チヨウメ　,1098,1042,1066,2108
11106,桜区　　　               ,中島２丁目　　　　　,ナカジマ２チヨウメ　,443,414,386,800
11106,桜区　　　               ,中島３丁目　　　　　,ナカジマ３チヨウメ　,206,225,223,448
11106,桜区　　　               ,中島４丁目　　　　　,ナカジマ４チヨウメ　,365,374,364,738
11106,桜区　　　               ,栄和１丁目　　　　　,サカワ１チヨウメ　　,679,725,655,1380
11106,桜区　　　               ,栄和２丁目　　　　　,サカワ２チヨウメ　　,959,989,946,1935
11106,桜区　　　               ,栄和３丁目　　　　　,サカワ３チヨウメ　　,894,868,828,1696
11106,桜区　　　               ,栄和４丁目　　　　　,サカワ４チヨウメ　　,595,580,532,1112
11106,桜区　　　               ,栄和５丁目　　　　　,サカワ５チヨウメ　　,706,715,669,1384
11106,桜区　　　               ,栄和６丁目　　　　　,サカワ６チヨウメ　　,605,656,569,1225
11106,桜区　　　               ,山久保１丁目　　　　,ヤマクボ１チヨウメ　,459,431,440,871
11106,桜区　　　               ,山久保２丁目　　　　,ヤマクボ２チヨウメ　,598,671,670,1341
11106,桜区　　　               ,大字上大久保　　　　,カミオオクボ　　　　,2477,2431,2261,4692
11106,桜区　　　               ,大字下大久保　　　　,シモオオクボ　　　　,2593,2465,1930,4395
11106,桜区　　　               ,大字大久保領家　　　,オオクボリヨウケ　　,3063,3100,3288,6388
11106,桜区　　　               ,大字神田　　　　　　,ジンデ　　　　　　　,2496,2751,2620,5371
11106,桜区　　　               ,大字白鍬　　　　　　,シラクワ　　　　　　,3276,3536,3531,7067
11106,桜区　　　               ,大字在家　　　　　　,ザイケ　　　　　　　,175,197,199,396
11106,桜区　　　               ,大字宿　　　　　　　,シユク　　　　　　　,284,312,286,598
11106,桜区　　　               ,大字五関　　　　　　,ゴセキ　　　　　　　,855,900,875,1775
11106,桜区　　　               ,大字塚本　　　　　　,ツカモト　　　　　　,699,795,805,1600
11106,桜区　　　               ,桜田１丁目　　　　　,サクラダ１チヨウメ　,339,361,377,738
11106,桜区　　　               ,桜田２丁目　　　　　,サクラダ２チヨウメ　,582,639,649,1288
11106,桜区　　　               ,桜田３丁目　　　　　,サクラダ３チヨウメ　,173,185,176,361
11107,浦和区　　               ,岸町１丁目　　　　　,キシチヨウ１チヨウメ,748,836,865,1701
11107,浦和区　　               ,岸町２丁目　　　　　,キシチヨウ２チヨウメ,763,814,827,1641
11107,浦和区　　               ,岸町３丁目　　　　　,キシチヨウ３チヨウメ,596,580,639,1219
11107,浦和区　　               ,岸町４丁目　　　　　,キシチヨウ４チヨウメ,1231,1145,1267,2412
11107,浦和区　　               ,岸町５丁目　　　　　,キシチヨウ５チヨウメ,638,727,731,1458
11107,浦和区　　               ,岸町６丁目　　　　　,キシチヨウ６チヨウメ,879,929,973,1902
11107,浦和区　　               ,岸町７丁目　　　　　,キシチヨウ７チヨウメ,1200,1305,1320,2625
11107,浦和区　　               ,東岸町　　　　　　　,ヒガシキシチヨウ　　,1257,1364,1370,2734
11107,浦和区　　               ,高砂１丁目　　　　　,タカサゴ１チヨウメ　,230,237,294,531
11107,浦和区　　               ,高砂２丁目　　　　　,タカサゴ２チヨウメ　,360,358,405,763
11107,浦和区　　               ,高砂３丁目　　　　　,タカサゴ３チヨウメ　,577,676,697,1373
11107,浦和区　　               ,高砂４丁目　　　　　,タカサゴ４チヨウメ　,796,825,876,1701
11107,浦和区　　               ,東高砂町　　　　　　,ヒガシタカサゴチヨウ,1031,856,904,1760
11107,浦和区　　               ,仲町１丁目　　　　　,ナカチヨウ１チヨウメ,831,751,894,1645
11107,浦和区　　               ,仲町２丁目　　　　　,ナカチヨウ２チヨウメ,821,809,875,1684
11107,浦和区　　               ,仲町３丁目　　　　　,ナカチヨウ３チヨウメ,880,997,1095,2092
11107,浦和区　　               ,仲町４丁目　　　　　,ナカチヨウ４チヨウメ,821,915,978,1893
11107,浦和区　　               ,東仲町　　　　　　　,ヒガシナカチヨウ　　,1948,1686,1823,3509
11107,浦和区　　               ,常盤１丁目　　　　　,トキワ１チヨウメ　　,1592,1659,1772,3431
11107,浦和区　　               ,常盤２丁目　　　　　,トキワ２チヨウメ　　,1118,1180,1223,2403
11107,浦和区　　               ,常盤３丁目　　　　　,トキワ３チヨウメ　　,1922,1897,2077,3974
11107,浦和区　　               ,常盤４丁目　　　　　,トキワ４チヨウメ　　,724,772,870,1642
11107,浦和区　　               ,常盤５丁目　　　　　,トキワ５チヨウメ　　,996,1128,1229,2357
11107,浦和区　　               ,常盤６丁目　　　　　,トキワ６チヨウメ　　,554,677,655,1332
11107,浦和区　　               ,常盤７丁目　　　　　,トキワ７チヨウメ　　,607,712,743,1455
11107,浦和区　　               ,常盤８丁目　　　　　,トキワ８チヨウメ　　,550,705,802,1507
11107,浦和区　　               ,常盤９丁目　　　　　,トキワ９チヨウメ　　,1798,1803,1902,3705
11107,浦和区　　               ,常盤１０丁目　　　　,トキワ１０チヨウメ　,1529,1828,1881,3709
11107,浦和区　　               ,北浦和１丁目　　　　,キタウラワ１チヨウメ,1694,1526,1749,3275
11107,浦和区　　               ,北浦和２丁目　　　　,キタウラワ２チヨウメ,1273,1266,1300,2566
11107,浦和区　　               ,北浦和３丁目　　　　,キタウラワ３チヨウメ,1480,1339,1562,2901
11107,浦和区　　               ,北浦和４丁目　　　　,キタウラワ４チヨウメ,261,200,241,441
11107,浦和区　　               ,北浦和５丁目　　　　,キタウラワ５チヨウメ,1806,1996,2162,4158
11107,浦和区　　               ,針ヶ谷１丁目　　　　,ハリガヤ１チヨウメ　,1018,953,1066,2019
11107,浦和区　　               ,針ヶ谷２丁目　　　　,ハリガヤ２チヨウメ　,1229,1317,1303,2620
11107,浦和区　　               ,針ヶ谷３丁目　　　　,ハリガヤ３チヨウメ　,818,789,851,1640
11107,浦和区　　               ,針ヶ谷４丁目　　　　,ハリガヤ４チヨウメ　,1430,1227,1530,2757
11107,浦和区　　               ,上木崎１丁目　　　　,カミキザキ１チヨウメ,1707,1707,1908,3615
11107,浦和区　　               ,上木崎２丁目　　　　,カミキザキ２チヨウメ,1148,1230,1298,2528
11107,浦和区　　               ,上木崎３丁目　　　　,カミキザキ３チヨウメ,779,909,853,1762
11107,浦和区　　               ,上木崎４丁目　　　　,カミキザキ４チヨウメ,820,824,793,1617
11107,浦和区　　               ,上木崎５丁目　　　　,カミキザキ５チヨウメ,539,657,684,1341
11107,浦和区　　               ,上木崎６丁目　　　　,カミキザキ６チヨウメ,1290,1390,1412,2802
11107,浦和区　　               ,上木崎７丁目　　　　,カミキザキ７チヨウメ,493,601,636,1237
11107,浦和区　　               ,上木崎８丁目　　　　,カミキザキ８チヨウメ,265,303,313,616
11107,浦和区　　               ,木崎１丁目　　　　　,キザキ１チヨウメ　　,581,657,633,1290
11107,浦和区　　               ,木崎２丁目　　　　　,キザキ２チヨウメ　　,758,854,875,1729
11107,浦和区　　               ,木崎３丁目　　　　　,キザキ３チヨウメ　　,285,329,327,656
11107,浦和区　　               ,木崎４丁目　　　　　,キザキ４チヨウメ　　,761,916,957,1873
11107,浦和区　　               ,木崎５丁目　　　　　,キザキ５チヨウメ　　,926,1055,1154,2209
11107,浦和区　　               ,領家１丁目　　　　　,リヨウケ１チヨウメ　,763,930,981,1911
11107,浦和区　　               ,領家２丁目　　　　　,リヨウケ２チヨウメ　,612,577,573,1150
11107,浦和区　　               ,領家３丁目　　　　　,リヨウケ３チヨウメ　,905,1018,999,2017
11107,浦和区　　               ,領家４丁目　　　　　,リヨウケ４チヨウメ　,719,753,782,1535
11107,浦和区　　               ,領家５丁目　　　　　,リヨウケ５チヨウメ　,615,551,568,1119
11107,浦和区　　               ,領家６丁目　　　　　,リヨウケ６チヨウメ　,1034,1076,1083,2159
11107,浦和区　　               ,領家７丁目　　　　　,リヨウケ７チヨウメ　,1182,1145,1364,2509
11107,浦和区　　               ,瀬ヶ崎１丁目　　　　,セガサキ１チヨウメ　,733,788,863,1651
11107,浦和区　　               ,瀬ヶ崎２丁目　　　　,セガサキ２チヨウメ　,830,893,940,1833
11107,浦和区　　               ,瀬ヶ崎３丁目　　　　,セガサキ３チヨウメ　,635,682,772,1454
11107,浦和区　　               ,瀬ヶ崎４丁目　　　　,セガサキ４チヨウメ　,745,809,858,1667
11107,浦和区　　               ,瀬ヶ崎５丁目　　　　,セガサキ５チヨウメ　,831,961,959,1920
11107,浦和区　　               ,駒場１丁目　　　　　,コマバ１チヨウメ　　,843,1055,998,2053
11107,浦和区　　               ,駒場２丁目　　　　　,コマバ２チヨウメ　　,140,160,131,291
11107,浦和区　　               ,大原１丁目　　　　　,オオハラ１チヨウメ　,302,341,372,713
11107,浦和区　　               ,大原２丁目　　　　　,オオハラ２チヨウメ　,188,211,246,457
11107,浦和区　　               ,大原３丁目　　　　　,オオハラ３チヨウメ　,8,10,10,20
11107,浦和区　　               ,大原４丁目　　　　　,オオハラ４チヨウメ　,7,7,0,7
11107,浦和区　　               ,前地１丁目　　　　　,マエジ１チヨウメ　　,1105,1448,1520,2968
11107,浦和区　　               ,前地２丁目　　　　　,マエジ２チヨウメ　　,647,607,638,1245
11107,浦和区　　               ,前地３丁目　　　　　,マエジ３チヨウメ　　,906,899,901,1800
11107,浦和区　　               ,本太１丁目　　　　　,モトブト１チヨウメ　,2012,1966,2203,4169
11107,浦和区　　               ,本太２丁目　　　　　,モトブト２チヨウメ　,1440,1425,1515,2940
11107,浦和区　　               ,本太３丁目　　　　　,モトブト３チヨウメ　,1307,1329,1406,2735
11107,浦和区　　               ,本太４丁目　　　　　,モトブト４チヨウメ　,796,852,913,1765
11107,浦和区　　               ,本太５丁目　　　　　,モトブト５チヨウメ　,1049,1196,1211,2407
11107,浦和区　　               ,元町１丁目　　　　　,モトチヨウ１チヨウメ,1285,1262,1336,2598
11107,浦和区　　               ,元町２丁目　　　　　,モトチヨウ２チヨウメ,1646,1749,1908,3657
11107,浦和区　　               ,元町３丁目　　　　　,モトチヨウ３チヨウメ,943,905,971,1876
11107,浦和区　　               ,大東１丁目　　　　　,ダイトウ１チヨウメ　,1264,1485,1533,3018
11107,浦和区　　               ,大東２丁目　　　　　,ダイトウ２チヨウメ　,800,875,936,1811
11107,浦和区　　               ,大東３丁目　　　　　,ダイトウ３チヨウメ　,620,696,760,1456
11107,浦和区　　               ,大字三崎　　　　　　,ミサキ　　　　　　　,5,8,7,15
11107,浦和区　　               ,神明１丁目　　　　　,シンメイ１チヨウメ　,571,618,628,1246
11107,浦和区　　               ,神明２丁目　　　　　,シンメイ２チヨウメ　,834,879,877,1756
11107,浦和区　　               ,皇山町　　　　　　　,コウザンチヨウ　　　,871,948,995,1943
11108,南区　　　               ,大谷場１丁目　　　　,オオヤバ１チヨウメ　,1203,1347,1377,2724
11108,南区　　　               ,大谷場２丁目　　　　,オオヤバ２チヨウメ　,807,883,872,1755
11108,南区　　　               ,南浦和１丁目　　　　,ミナミウラワ１チヨウ,1491,1426,1488,2914
11108,南区　　　               ,南浦和２丁目　　　　,ミナミウラワ２チヨウ,2100,1880,1888,3768
11108,南区　　　               ,南浦和３丁目　　　　,ミナミウラワ３チヨウ,3776,3902,4005,7907
11108,南区　　　               ,南浦和４丁目　　　　,ミナミウラワ４チヨウ,127,116,86,202
11108,南区　　　               ,大字太田窪　　　　　,ダイタクボ　　　　　,4182,4655,4728,9383
11108,南区　　　               ,太田窪２丁目　　　　,ダイタクボ２チヨウメ,1061,1070,1107,2177
11108,南区　　　               ,太田窪４丁目　　　　,ダイタクボ４チヨウメ,816,880,953,1833
11108,南区　　　               ,太田窪５丁目　　　　,ダイタクボ５チヨウメ,1444,1464,1416,2880
11108,南区　　　               ,大字大谷口　　　　　,オオヤグチ　　　　　,7608,8846,9091,17937
11108,南区　　　               ,大字円正寺　　　　　,エンシヨウジ　　　　,1168,1418,1386,2804
11108,南区　　　               ,大字広ヶ谷戸　　　　,ヒロガヤト　　　　　,1058,1127,1182,2309
11108,南区　　　               ,白幡１丁目　　　　　,シラハタ１チヨウメ　,533,560,457,1017
11108,南区　　　               ,白幡２丁目　　　　　,シラハタ２チヨウメ　,545,588,540,1128
11108,南区　　　               ,白幡３丁目　　　　　,シラハタ３チヨウメ　,1533,1487,1579,3066
11108,南区　　　               ,白幡４丁目　　　　　,シラハタ４チヨウメ　,2217,2282,2385,4667
11108,南区　　　               ,白幡５丁目　　　　　,シラハタ５チヨウメ　,1231,1366,1378,2744
11108,南区　　　               ,白幡６丁目　　　　　,シラハタ６チヨウメ　,1260,1399,1297,2696
11108,南区　　　               ,辻１丁目　　　　　　,ツジ１チヨウメ　　　,1273,1435,1422,2857
11108,南区　　　               ,辻２丁目　　　　　　,ツジ２チヨウメ　　　,1030,1114,1115,2229
11108,南区　　　               ,辻３丁目　　　　　　,ツジ３チヨウメ　　　,908,889,887,1776
11108,南区　　　               ,辻４丁目　　　　　　,ツジ４チヨウメ　　　,1112,1292,1218,2510
11108,南区　　　               ,辻５丁目　　　　　　,ツジ５チヨウメ　　　,782,826,855,1681
11108,南区　　　               ,辻６丁目　　　　　　,ツジ６チヨウメ　　　,303,318,356,674
11108,南区　　　               ,辻７丁目　　　　　　,ツジ７チヨウメ　　　,899,932,875,1807
11108,南区　　　               ,辻８丁目　　　　　　,ツジ８チヨウメ　　　,1432,1351,1415,2766
11108,南区　　　               ,文蔵１丁目　　　　　,ブゾウ１チヨウメ　　,1095,1148,1171,2319
11108,南区　　　               ,文蔵２丁目　　　　　,ブゾウ２チヨウメ　　,1638,1548,1507,3055
11108,南区　　　               ,文蔵３丁目　　　　　,ブゾウ３チヨウメ　　,2091,2070,1910,3980
11108,南区　　　               ,文蔵４丁目　　　　　,ブゾウ４チヨウメ　　,1343,1398,1365,2763
11108,南区　　　               ,文蔵５丁目　　　　　,ブゾウ５チヨウメ　　,1351,1445,1427,2872
11108,南区　　　               ,別所１丁目　　　　　,ベツシヨ１チヨウメ　,696,680,685,1365
11108,南区　　　               ,別所２丁目　　　　　,ベツシヨ２チヨウメ　,1307,1419,1452,2871
11108,南区　　　               ,別所３丁目　　　　　,ベツシヨ３チヨウメ　,1289,1399,1498,2897
11108,南区　　　               ,別所４丁目　　　　　,ベツシヨ４チヨウメ　,301,346,343,689
11108,南区　　　               ,別所５丁目　　　　　,ベツシヨ５チヨウメ　,728,666,687,1353
11108,南区　　　               ,別所６丁目　　　　　,ベツシヨ６チヨウメ　,915,920,864,1784
11108,南区　　　               ,別所７丁目　　　　　,ベツシヨ７チヨウメ　,1650,1794,1884,3678
11108,南区　　　               ,根岸１丁目　　　　　,ネギシ１チヨウメ　　,1029,1109,1128,2237
11108,南区　　　               ,根岸２丁目　　　　　,ネギシ２チヨウメ　　,804,879,854,1733
11108,南区　　　               ,根岸３丁目　　　　　,ネギシ３チヨウメ　　,1149,1181,1150,2331
11108,南区　　　               ,根岸４丁目　　　　　,ネギシ４チヨウメ　　,672,682,628,1310
11108,南区　　　               ,根岸５丁目　　　　　,ネギシ５チヨウメ　　,1627,1655,1827,3482
11108,南区　　　               ,沼影１丁目　　　　　,ヌマカゲ１チヨウメ　,3310,3957,4074,8031
11108,南区　　　               ,沼影２丁目　　　　　,ヌマカゲ２チヨウメ　,732,921,913,1834
11108,南区　　　               ,沼影３丁目　　　　　,ヌマカゲ３チヨウメ　,138,87,51,138
11108,南区　　　               ,関１丁目　　　　　　,セキ１チヨウメ　　　,299,291,244,535
11108,南区　　　               ,関２丁目　　　　　　,セキ２チヨウメ　　　,280,313,295,608
11108,南区　　　               ,鹿手袋１丁目　　　　,シカテブクロ１チヨウ,591,564,586,1150
11108,南区　　　               ,鹿手袋２丁目　　　　,シカテブクロ２チヨウ,626,588,629,1217
11108,南区　　　               ,鹿手袋３丁目　　　　,シカテブクロ３チヨウ,942,953,932,1885
11108,南区　　　               ,鹿手袋４丁目　　　　,シカテブクロ４チヨウ,1326,1272,1188,2460
11108,南区　　　               ,鹿手袋５丁目　　　　,シカテブクロ５チヨウ,1242,1230,1223,2453
11108,南区　　　               ,鹿手袋６丁目　　　　,シカテブクロ６チヨウ,1080,1152,1156,2308
11108,南区　　　               ,鹿手袋７丁目　　　　,シカテブクロ７チヨウ,1106,1323,1231,2554
11108,南区　　　               ,松本１丁目　　　　　,マツモト１チヨウメ　,805,879,806,1685
11108,南区　　　               ,松本２丁目　　　　　,マツモト２チヨウメ　,581,618,591,1209
11108,南区　　　               ,松本３丁目　　　　　,マツモト３チヨウメ　,652,764,696,1460
11108,南区　　　               ,松本４丁目　　　　　,マツモト４チヨウメ　,558,609,585,1194
11108,南区　　　               ,曲本１丁目　　　　　,マガモト１チヨウメ　,889,956,920,1876
11108,南区　　　               ,曲本２丁目　　　　　,マガモト２チヨウメ　,836,909,875,1784
11108,南区　　　               ,曲本３丁目　　　　　,マガモト３チヨウメ　,736,831,785,1616
11108,南区　　　               ,曲本４丁目　　　　　,マガモト４チヨウメ　,808,787,732,1519
11108,南区　　　               ,曲本５丁目　　　　　,マガモト５チヨウメ　,855,881,867,1748
11108,南区　　　               ,内谷１丁目　　　　　,ウチヤ１チヨウメ　　,285,321,322,643
11108,南区　　　               ,内谷２丁目　　　　　,ウチヤ２チヨウメ　　,434,505,474,979
11108,南区　　　               ,内谷３丁目　　　　　,ウチヤ３チヨウメ　　,837,948,840,1788
11108,南区　　　               ,内谷４丁目　　　　　,ウチヤ４チヨウメ　　,956,1050,962,2012
11108,南区　　　               ,内谷５丁目　　　　　,ウチヤ５チヨウメ　　,1185,1380,1335,2715
11108,南区　　　               ,内谷６丁目　　　　　,ウチヤ６チヨウメ　　,1026,1202,1070,2272
11108,南区　　　               ,内谷７丁目　　　　　,ウチヤ７チヨウメ　　,807,1014,966,1980
11108,南区　　　               ,四谷１丁目　　　　　,ヨツヤ１チヨウメ　　,758,775,786,1561
11108,南区　　　               ,四谷２丁目　　　　　,ヨツヤ２チヨウメ　　,654,684,613,1297
11108,南区　　　               ,四谷３丁目　　　　　,ヨツヤ３チヨウメ　　,752,783,744,1527
11108,南区　　　               ,南本町１丁目　　　　,ミナミホンチヨウ１チ,631,535,649,1184
11108,南区　　　               ,南本町２丁目　　　　,ミナミホンチヨウ２チ,1049,1172,1204,2376
11108,南区　　　               ,神明１丁目　　　　　,シンメイ１チヨウメ　,581,603,623,1226
11108,南区　　　               ,神明２丁目　　　　　,シンメイ２チヨウメ　,220,279,265,544
11109,緑区　　　               ,太田窪１丁目　　　　,ダイタクボ１チヨウメ,1406,1466,1559,3025
11109,緑区　　　               ,太田窪３丁目　　　　,ダイタクボ３チヨウメ,831,910,898,1808
11109,緑区　　　               ,大字大谷口　　　　　,オオヤグチ　　　　　,98,102,101,203
11109,緑区　　　               ,原山１丁目　　　　　,ハラヤマ１チヨウメ　,1496,1708,1854,3562
11109,緑区　　　               ,原山２丁目　　　　　,ハラヤマ２チヨウメ　,1664,1707,1786,3493
11109,緑区　　　               ,原山３丁目　　　　　,ハラヤマ３チヨウメ　,896,836,950,1786
11109,緑区　　　               ,原山４丁目　　　　　,ハラヤマ４チヨウメ　,1670,1931,2107,4038
11109,緑区　　　               ,大字中尾　　　　　　,ナカオ　　　　　　　,6422,7105,7440,14545
11109,緑区　　　               ,大字大間木　　　　　,オオマギ　　　　　　,2781,3103,3141,6244
11109,緑区　　　               ,大字大牧　　　　　　,オオマキ　　　　　　,1076,1149,1213,2362
11109,緑区　　　               ,大字下山口新田　　　,シモヤマグチシンデン,139,162,162,324
11109,緑区　　　               ,大字三室　　　　　　,ミムロ　　　　　　　,7362,8482,8812,17294
11109,緑区　　　               ,道祖土１丁目　　　　,サイド１チヨウメ　　,576,577,675,1252
11109,緑区　　　               ,道祖土２丁目　　　　,サイド２チヨウメ　　,579,580,611,1191
11109,緑区　　　               ,道祖土３丁目　　　　,サイド３チヨウメ　　,316,375,424,799
11109,緑区　　　               ,道祖土４丁目　　　　,サイド４チヨウメ　　,830,1007,1045,2052
11109,緑区　　　               ,大字大崎　　　　　　,オオサキ　　　　　　,442,522,420,942
11109,緑区　　　               ,大字南部領辻　　　　,ナンブリヨウツシ　　,281,362,360,722
11109,緑区　　　               ,大字中野田　　　　　,ナカノダ　　　　　　,226,291,265,556
11109,緑区　　　               ,大字上野田　　　　　,カミノダ　　　　　　,322,383,302,685
11109,緑区　　　               ,大字高畑　　　　　　,タカバタケ　　　　　,40,46,52,98
11109,緑区　　　               ,大字代山　　　　　　,ダイヤマ　　　　　　,235,292,250,542
11109,緑区　　　               ,大字寺山　　　　　　,テラヤマ　　　　　　,105,114,108,222
11109,緑区　　　               ,大字大門　　　　　　,ダイモン　　　　　　,3931,5065,5067,10132
11109,緑区　　　               ,大字北原　　　　　　,キタハラ　　　　　　,32,53,48,101
11109,緑区　　　               ,大字間宮　　　　　　,マミヤ　　　　　　　,370,418,392,810
11109,緑区　　　               ,大字下野田　　　　　,シモノダ　　　　　　,550,606,569,1175
11109,緑区　　　               ,大字玄蕃新田　　　　,ゲンバシンデン　　　,83,109,101,210
11109,緑区　　　               ,宮本１丁目　　　　　,ミヤモト１チヨウメ　,378,460,444,904
11109,緑区　　　               ,宮本２丁目　　　　　,ミヤモト２チヨウメ　,648,781,771,1552
11109,緑区　　　               ,芝原１丁目　　　　　,シバハラ１チヨウメ　,464,570,594,1164
11109,緑区　　　               ,芝原２丁目　　　　　,シバハラ２チヨウメ　,396,468,484,952
11109,緑区　　　               ,芝原３丁目　　　　　,シバハラ３チヨウメ　,755,905,924,1829
11109,緑区　　　               ,大字三浦　　　　　　,ミウラ　　　　　　　,1,1,0,1
11109,緑区　　　               ,大字見沼　　　　　　,ミヌマ　　　　　　　,9,13,11,24
11109,緑区　　　               ,山崎１丁目　　　　　,ヤマザキ１チヨウメ　,571,627,494,1121
11109,緑区　　　               ,東大門１丁目　　　　,ヒガシダイモン１チヨ,131,139,142,281
11109,緑区　　　               ,東大門２丁目　　　　,ヒガシダイモン２チヨ,696,834,899,1733
11109,緑区　　　               ,東大門３丁目　　　　,ヒガシダイモン３チヨ,715,831,812,1643
11109,緑区　　　               ,馬場１丁目　　　　　,バンバ１チヨウメ　　,624,682,719,1401
11109,緑区　　　               ,馬場２丁目　　　　　,バンバ２チヨウメ　　,648,828,807,1635
11109,緑区　　　               ,松木１丁目　　　　　,マツキ１チヨウメ　　,545,677,704,1381
11109,緑区　　　               ,松木２丁目　　　　　,マツキ２チヨウメ　　,495,598,614,1212
11109,緑区　　　               ,松木３丁目　　　　　,マツキ３チヨウメ　　,811,921,955,1876
11109,緑区　　　               ,東浦和１丁目　　　　,ヒガシウラワ１チヨウ,636,614,648,1262
11109,緑区　　　               ,東浦和２丁目　　　　,ヒガシウラワ２チヨウ,2362,2537,2467,5004
11109,緑区　　　               ,東浦和３丁目　　　　,ヒガシウラワ３チヨウ,1353,1439,1481,2920
11109,緑区　　　               ,東浦和４丁目　　　　,ヒガシウラワ４チヨウ,1103,1082,1117,2199
11109,緑区　　　               ,東浦和５丁目　　　　,ヒガシウラワ５チヨウ,896,870,914,1784
11109,緑区　　　               ,東浦和６丁目　　　　,ヒガシウラワ６チヨウ,664,799,810,1609
11109,緑区　　　               ,東浦和７丁目　　　　,ヒガシウラワ７チヨウ,1286,1319,1423,2742
11109,緑区　　　               ,東浦和８丁目　　　　,ヒガシウラワ８チヨウ,663,756,818,1574
11109,緑区　　　               ,東浦和９丁目　　　　,ヒガシウラワ９チヨウ,554,666,703,1369
11109,緑区　　　               ,美園１丁目　　　　　,ミソノ１チヨウメ　　,190,251,252,503
11109,緑区　　　               ,美園２丁目　　　　　,ミソノ２チヨウメ　　,62,94,81,175
11109,緑区　　　               ,美園３丁目　　　　　,ミソノ３チヨウメ　　,724,627,616,1243
11109,緑区　　　               ,美園４丁目　　　　　,ミソノ４チヨウメ　　,1910,2328,2337,4665
11109,緑区　　　               ,美園５丁目　　　　　,ミソノ５チヨウメ　　,733,956,960,1916
11109,緑区　　　               ,美園６丁目　　　　　,ミソノ６チヨウメ　　,368,492,486,978
11109,緑区　　　               ,大間木２丁目　　　　,オオマギ２チヨウメ　,415,588,563,1151
11109,緑区　　　               ,大間木３丁目　　　　,オオマギ３チヨウメ　,517,705,691,1396
11110,岩槻区　　               ,大字岩槻　　　　　　,イワツキ　　　　　　,1978,2488,2411,4899
11110,岩槻区　　               ,太田１丁目　　　　　,オオタ１チヨウメ　　,464,538,555,1093
11110,岩槻区　　               ,太田２丁目　　　　　,オオタ２チヨウメ　　,437,540,531,1071
11110,岩槻区　　               ,太田３丁目　　　　　,オオタ３チヨウメ　　,42,48,43,91
11110,岩槻区　　               ,本丸１丁目　　　　　,ホンマル１チヨウメ　,630,647,660,1307
11110,岩槻区　　               ,本丸２丁目　　　　　,ホンマル２チヨウメ　,331,352,365,717
11110,岩槻区　　               ,本丸３丁目　　　　　,ホンマル３チヨウメ　,570,564,614,1178
11110,岩槻区　　               ,本丸４丁目　　　　　,ホンマル４チヨウメ　,358,401,417,818
11110,岩槻区　　               ,城町１丁目　　　　　,シロマチ１チヨウメ　,478,494,496,990
11110,岩槻区　　               ,城町２丁目　　　　　,シロマチ２チヨウメ　,310,364,336,700
11110,岩槻区　　               ,府内１丁目　　　　　,フナイ１チヨウメ　　,223,235,222,457
11110,岩槻区　　               ,府内２丁目　　　　　,フナイ２チヨウメ　　,492,511,525,1036
11110,岩槻区　　               ,府内３丁目　　　　　,フナイ３チヨウメ　　,13,12,5,17
11110,岩槻区　　               ,府内４丁目　　　　　,フナイ４チヨウメ　　,200,209,188,397
11110,岩槻区　　               ,城南１丁目　　　　　,ジヨウナン１チヨウメ,489,523,526,1049
11110,岩槻区　　               ,城南２丁目　　　　　,ジヨウナン２チヨウメ,301,332,303,635
11110,岩槻区　　               ,城南３丁目　　　　　,ジヨウナン３チヨウメ,216,243,254,497
11110,岩槻区　　               ,城南４丁目　　　　　,ジヨウナン４チヨウメ,498,528,420,948
11110,岩槻区　　               ,城南５丁目　　　　　,ジヨウナン５チヨウメ,607,716,676,1392
11110,岩槻区　　               ,並木１丁目　　　　　,ナミキ１チヨウメ　　,766,732,755,1487
11110,岩槻区　　               ,並木２丁目　　　　　,ナミキ２チヨウメ　　,590,600,622,1222
11110,岩槻区　　               ,西原　　　　　　　　,ニシハラ　　　　　　,694,712,711,1423
11110,岩槻区　　               ,西原台１丁目　　　　,ニシハラダイ１チヨウ,499,500,469,969
11110,岩槻区　　               ,西原台２丁目　　　　,ニシハラダイ２チヨウ,383,398,404,802
11110,岩槻区　　               ,本町１丁目　　　　　,ホンチヨウ１チヨウメ,402,343,361,704
11110,岩槻区　　               ,本町２丁目　　　　　,ホンチヨウ２チヨウメ,456,475,496,971
11110,岩槻区　　               ,本町３丁目　　　　　,ホンチヨウ３チヨウメ,412,391,410,801
11110,岩槻区　　               ,本町４丁目　　　　　,ホンチヨウ４チヨウメ,515,485,524,1009
11110,岩槻区　　               ,本町５丁目　　　　　,ホンチヨウ５チヨウメ,338,343,338,681
11110,岩槻区　　               ,本町６丁目　　　　　,ホンチヨウ６チヨウメ,351,386,406,792
11110,岩槻区　　               ,仲町１丁目　　　　　,ナカチヨウ１チヨウメ,722,725,704,1429
11110,岩槻区　　               ,仲町２丁目　　　　　,ナカチヨウ２チヨウメ,588,639,636,1275
11110,岩槻区　　               ,東町１丁目　　　　　,ヒガシチヨウ１チヨウ,596,586,560,1146
11110,岩槻区　　               ,東町２丁目　　　　　,ヒガシチヨウ２チヨウ,422,436,416,852
11110,岩槻区　　               ,西町１丁目　　　　　,ニシマチ１チヨウメ　,471,483,508,991
11110,岩槻区　　               ,西町２丁目　　　　　,ニシマチ２チヨウメ　,675,838,889,1727
11110,岩槻区　　               ,西町３丁目　　　　　,ニシマチ３チヨウメ　,518,563,556,1119
11110,岩槻区　　               ,西町４丁目　　　　　,ニシマチ４チヨウメ　,697,728,736,1464
11110,岩槻区　　               ,西町５丁目　　　　　,ニシマチ５チヨウメ　,712,692,685,1377
11110,岩槻区　　               ,愛宕町　　　　　　　,アタゴチヨウ　　　　,520,493,507,1000
11110,岩槻区　　               ,日の出町　　　　　　,ヒノデチヨウ　　　　,775,851,848,1699
11110,岩槻区　　               ,美幸町　　　　　　　,ミユキチヨウ　　　　,689,694,696,1390
11110,岩槻区　　               ,宮町１丁目　　　　　,ミヤチヨウ１チヨウメ,499,423,491,914
11110,岩槻区　　               ,宮町２丁目　　　　　,ミヤチヨウ２チヨウメ,1102,1224,1180,2404
11110,岩槻区　　               ,大字南平野　　　　　,ミナミヒラノ　　　　,30,36,46,82
11110,岩槻区　　               ,南平野１丁目　　　　,ミナミヒラノ１チヨウ,332,365,406,771
11110,岩槻区　　               ,南平野２丁目　　　　,ミナミヒラノ２チヨウ,371,425,458,883
11110,岩槻区　　               ,南平野３丁目　　　　,ミナミヒラノ３チヨウ,425,523,477,1000
11110,岩槻区　　               ,南平野４丁目　　　　,ミナミヒラノ４チヨウ,323,394,359,753
11110,岩槻区　　               ,南平野５丁目　　　　,ミナミヒラノ５チヨウ,115,144,119,263
11110,岩槻区　　               ,大字長宮　　　　　　,ナガミヤ　　　　　　,319,353,301,654
11110,岩槻区　　               ,大字大野島　　　　　,オオノジマ　　　　　,112,168,139,307
11110,岩槻区　　               ,大字増長　　　　　　,マシナガ　　　　　　,224,188,248,436
11110,岩槻区　　               ,大字大口　　　　　　,オオグチ　　　　　　,136,197,191,388
11110,岩槻区　　               ,大字大谷　　　　　　,オオヤ　　　　　　　,119,139,136,275
11110,岩槻区　　               ,大字大戸　　　　　　,オオト　　　　　　　,241,275,247,522
11110,岩槻区　　               ,大字新方須賀　　　　,ニイガタスカ　　　　,92,109,99,208
11110,岩槻区　　               ,大字大森　　　　　　,オオモリ　　　　　　,44,53,54,107
11110,岩槻区　　               ,大字加倉　　　　　　,カクラ　　　　　　　,85,54,66,120
11110,岩槻区　　               ,加倉１丁目　　　　　,カクラ１チヨウメ　　,733,695,699,1394
11110,岩槻区　　               ,加倉２丁目　　　　　,カクラ２チヨウメ　　,338,329,356,685
11110,岩槻区　　               ,加倉３丁目　　　　　,カクラ３チヨウメ　　,32,37,25,62
11110,岩槻区　　               ,加倉４丁目　　　　　,カクラ４チヨウメ　　,710,740,681,1421
11110,岩槻区　　               ,加倉５丁目　　　　　,カクラ５チヨウメ　　,524,584,542,1126
11110,岩槻区　　               ,大字横根　　　　　　,ヨコネ　　　　　　　,213,232,215,447
11110,岩槻区　　               ,大字真福寺　　　　　,シンプクジ　　　　　,176,177,190,367
11110,岩槻区　　               ,大字柏崎　　　　　　,カシワザキ　　　　　,343,425,375,800
11110,岩槻区　　               ,大字浮谷　　　　　　,ウキヤ　　　　　　　,584,654,589,1243
11110,岩槻区　　               ,大字谷下　　　　　　,ヤシタ　　　　　　　,65,79,57,136
11110,岩槻区　　               ,原町　　　　　　　　,ハラマチ　　　　　　,499,575,533,1108
11110,岩槻区　　               ,大字飯塚　　　　　　,イイヅカ　　　　　　,699,802,707,1509
11110,岩槻区　　               ,大字黒谷　　　　　　,クロヤ　　　　　　　,653,783,743,1526
11110,岩槻区　　               ,大字笹久保　　　　　,ササクボ　　　　　　,462,492,419,911
11110,岩槻区　　               ,大字笹久保新田　　　,ササクボシンデン　　,195,237,215,452
11110,岩槻区　　               ,大字南下新井　　　　,ミナミシモアライ　　,524,615,591,1206
11110,岩槻区　　               ,大字村国　　　　　　,ムラクニ　　　　　　,125,137,127,264
11110,岩槻区　　               ,大字尾ケ崎　　　　　,オガサキ　　　　　　,285,359,367,726
11110,岩槻区　　               ,大字尾ケ崎新田　　　,オガサキシンデン　　,13,17,25,42
11110,岩槻区　　               ,大字釣上　　　　　　,カギアゲ　　　　　　,264,287,279,566
11110,岩槻区　　               ,大字釣上新田　　　　,カギアゲシンデン　　,661,839,797,1636
11110,岩槻区　　               ,大字野孫　　　　　　,ノマゴ　　　　　　　,97,144,111,255
11110,岩槻区　　               ,大字高曽根　　　　　,タカソネ　　　　　　,189,265,221,486
11110,岩槻区　　               ,大字末田　　　　　　,スエダ　　　　　　　,738,837,741,1578
11110,岩槻区　　               ,大字慈恩寺　　　　　,ジオンジ　　　　　　,499,616,548,1164
11110,岩槻区　　               ,大字小溝　　　　　　,コミゾ　　　　　　　,1331,1438,1432,2870
11110,岩槻区　　               ,大字徳力　　　　　　,トクリキ　　　　　　,961,1013,989,2002
11110,岩槻区　　               ,大字表慈恩寺　　　　,オモテジオンジ　　　,844,991,1012,2003
11110,岩槻区　　               ,大字南辻　　　　　　,ミナミツジ　　　　　,311,368,370,738
11110,岩槻区　　               ,大字上野　　　　　　,ウエノ　　　　　　　,321,356,369,725
11110,岩槻区　　               ,上野１丁目　　　　　,ウエノ１チヨウメ　　,455,504,490,994
11110,岩槻区　　               ,上野２丁目　　　　　,ウエノ２チヨウメ　　,256,251,210,461
11110,岩槻区　　               ,上野３丁目　　　　　,ウエノ３チヨウメ　　,82,87,67,154
11110,岩槻区　　               ,上野４丁目　　　　　,ウエノ４チヨウメ　　,18,17,16,33
11110,岩槻区　　               ,上野６丁目　　　　　,ウエノ６チヨウメ　　,189,241,235,476
11110,岩槻区　　               ,大字古ケ場　　　　　,コカバ　　　　　　　,259,255,281,536
11110,岩槻区　　               ,古ケ場１丁目　　　　,コカバ１チヨウメ　　,11,13,5,18
11110,岩槻区　　               ,古ケ場２丁目　　　　,コカバ２チヨウメ　　,13,18,10,28
11110,岩槻区　　               ,大字相野原　　　　　,アイノハラ　　　　　,60,62,77,139
11110,岩槻区　　               ,大字裏慈恩寺　　　　,ウラジオンジ　　　　,831,882,835,1717
11110,岩槻区　　               ,大字鹿室　　　　　　,カナムロ　　　　　　,510,584,511,1095
11110,岩槻区　　               ,大字掛　　　　　　　,カケ　　　　　　　　,355,402,389,791
11110,岩槻区　　               ,大字金重　　　　　　,カナシゲ　　　　　　,512,587,580,1167
11110,岩槻区　　               ,大字本宿　　　　　　,ホンジユク　　　　　,750,929,938,1867
11110,岩槻区　　               ,大字箕輪　　　　　　,ミノワ　　　　　　　,122,145,145,290
11110,岩槻区　　               ,大字平林寺　　　　　,ヘイリンジ　　　　　,592,665,683,1348
11110,岩槻区　　               ,大字馬込　　　　　　,マゴメ　　　　　　　,495,571,559,1130
11110,岩槻区　　               ,上里１丁目　　　　　,カミサト１チヨウメ　,352,378,387,765
11110,岩槻区　　               ,上里２丁目　　　　　,カミサト２チヨウメ　,292,304,341,645
11110,岩槻区　　               ,諏訪１丁目　　　　　,スワ１チヨウメ　　　,259,286,302,588
11110,岩槻区　　               ,諏訪２丁目　　　　　,スワ２チヨウメ　　　,151,147,175,322
11110,岩槻区　　               ,諏訪３丁目　　　　　,スワ３チヨウメ　　　,1154,867,1104,1971
11110,岩槻区　　               ,諏訪４丁目　　　　　,スワ４チヨウメ　　　,427,371,446,817
11110,岩槻区　　               ,諏訪５丁目　　　　　,スワ５チヨウメ　　　,222,234,237,471
11110,岩槻区　　               ,東岩槻１丁目　　　　,ヒガシイワツキ１チヨ,321,278,285,563
11110,岩槻区　　               ,東岩槻２丁目　　　　,ヒガシイワツキ２チヨ,181,142,160,302
11110,岩槻区　　               ,東岩槻３丁目　　　　,ヒガシイワツキ３チヨ,283,280,291,571
11110,岩槻区　　               ,東岩槻４丁目　　　　,ヒガシイワツキ４チヨ,752,609,550,1159
11110,岩槻区　　               ,東岩槻５丁目　　　　,ヒガシイワツキ５チヨ,431,421,384,805
11110,岩槻区　　               ,東岩槻６丁目　　　　,ヒガシイワツキ６チヨ,327,295,285,580
11110,岩槻区　　               ,美園東１丁目　　　　,ミソノヒガシ１チヨウ,1018,1309,1284,2593
11110,岩槻区　　               ,美園東２丁目　　　　,ミソノヒガシ２チヨウ,733,983,980,1963
11110,岩槻区　　               ,美園東３丁目　　　　,ミソノヒガシ３チヨウ,411,539,508,1047
